brand_name,brand_url
香奈儿 CHANEL,http://chn.lottedfs.cn/kr/display/brand?dispShopNo=1230787
ANTONELLA FERRANTE(vetrina),http://chn.lottedfs.cn/kr/display/brand?dispShopNo=10009402
A-BEAUTY Beauty,http://chn.lottedfs.cn/kr/display/brand?dispShopNo=10013218
A. by BOM,http://chn.lottedfs.cn/kr/display/brand?dispShopNo=10000027
A2AGE Beauty,http://chn.lottedfs.cn/kr/display/brand?dispShopNo=10016622
ABERCROMBIE&FITCH,http://chn.lottedfs.cn/kr/display/brand?dispShopNo=10006313
ABIB,http://chn.lottedfs.cn/kr/display/brand?dispShopNo=10008460
ABKO,http://chn.lottedfs.cn/kr/display/brand?dispShopNo=10025894
ACCA KAPPA,http://chn.lottedfs.cn/kr/display/brand?dispShopNo=10014919
ACME DE LA VIE,http://chn.lottedfs.cn/kr/display/brand?dispShopNo=10019125
ACROPASS,http://chn.lottedfs.cn/kr/display/brand?dispShopNo=10011885
ADDICTION,http://chn.lottedfs.cn/kr/display/brand?dispShopNo=10000639
AGE20,http://chn.lottedfs.cn/kr/display/brand?dispShopNo=10000663
AHC,http://chn.lottedfs.cn/kr/display/brand?dispShopNo=10008872
AIRSAVE,http://chn.lottedfs.cn/kr/display/brand?dispShopNo=10000679
AKARAN,http://chn.lottedfs.cn/kr/display/brand?dispShopNo=10017085
ALAINN Jewelry,http://chn.lottedfs.cn/kr/display/brand?dispShopNo=10020618
ALAXO,http://chn.lottedfs.cn/kr/display/brand?dispShopNo=10009688
ALESSI Home,http://chn.lottedfs.cn/kr/display/brand?dispShopNo=10015224
ALETA SANDALS,http://chn.lottedfs.cn/kr/display/brand?dispShopNo=10022854
ALEX,http://chn.lottedfs.cn/kr/display/brand?dispShopNo=10000695
ALLIE,http://chn.lottedfs.cn/kr/display/brand?dispShopNo=10017405
ALLO,http://chn.lottedfs.cn/kr/display/brand?dispShopNo=10000703
ALLSAINTS,http://chn.lottedfs.cn/kr/display/brand?dispShopNo=10008256
AMETH JEWELRY,http://chn.lottedfs.cn/kr/display/brand?dispShopNo=10000719
AMUSE,http://chn.lottedfs.cn/kr/display/brand?dispShopNo=10026248
ANDAR,http://chn.lottedfs.cn/kr/display/brand?dispShopNo=10010530
ANGOOK HEALTH,http://chn.lottedfs.cn/kr/display/brand?dispShopNo=10012770
ANKER Digital,http://chn.lottedfs.cn/kr/display/brand?dispShopNo=10016940
ANTIPODES,http://chn.lottedfs.cn/kr/display/brand?dispShopNo=10016844
APIDERMA,http://chn.lottedfs.cn/kr/display/brand?dispShopNo=10006321
APPLE,http://chn.lottedfs.cn/kr/display/brand?dispShopNo=10008476
APPLE TREE,http://chn.lottedfs.cn/kr/display/brand?dispShopNo=10010067
AQURUN,http://chn.lottedfs.cn/kr/display/brand?dispShopNo=10014551
ARIZWELL Grocery,http://chn.lottedfs.cn/kr/display/brand?dispShopNo=10018397
ARMANI SWISS,http://chn.lottedfs.cn/kr/display/brand?dispShopNo=10000791
ARTIS,http://chn.lottedfs.cn/kr/display/brand?dispShopNo=10025316
ARUMYEON Beauty,http://chn.lottedfs.cn/kr/display/brand?dispShopNo=10017268
ARVO Beauty,http://chn.lottedfs.cn/kr/display/brand?dispShopNo=10016669
ATELIER PARK,http://chn.lottedfs.cn/kr/display/brand?dispShopNo=10026988
ATOBEBE Beauty,http://chn.lottedfs.cn/kr/display/brand?dispShopNo=10017581
ATTICA Jewelry,http://chn.lottedfs.cn/kr/display/brand?dispShopNo=10013369
AVAJAR,http://chn.lottedfs.cn/kr/display/brand?dispShopNo=10009009
AVAM,http://chn.lottedfs.cn/kr/display/brand?dispShopNo=10026795
AVANCE,http://chn.lottedfs.cn/kr/display/brand?dispShopNo=10006337
AVENT,http://chn.lottedfs.cn/kr/display/brand?dispShopNo=10010097
AWESOME NEEDS,http://chn.lottedfs.cn/kr/display/brand?dispShopNo=10013736
Ainsoap,http://chn.lottedfs.cn/kr/display/brand?dispShopNo=10010884
Aintcrack,http://chn.lottedfs.cn/kr/display/brand?dispShopNo=10027024
BLACKMORES,http://chn.lottedfs.cn/kr/display/brand?dispShopNo=10009124
CHEONJIYANG,http://chn.lottedfs.cn/kr/display/brand?dispShopNo=10012754
EASY TOMORROW,http://chn.lottedfs.cn/kr/display/brand?dispShopNo=10023949
HOUSE99,http://chn.lottedfs.cn/kr/display/brand?dispShopNo=10013127
INNERB,http://chn.lottedfs.cn/kr/display/brand?dispShopNo=10009464
OROBIANCO(Vetrina),http://chn.lottedfs.cn/kr/display/brand?dispShopNo=10004831
SENSODYNE,http://chn.lottedfs.cn/kr/display/brand?dispShopNo=10012555
SKEDERM Beauty,http://chn.lottedfs.cn/kr/display/brand?dispShopNo=10010339
埃尔维罗·马汀尼,http://chn.lottedfs.cn/kr/display/brand?dispShopNo=10003063
奥克拉 Beauty,http://chn.lottedfs.cn/kr/display/brand?dispShopNo=10024343
奥蜜思,http://chn.lottedfs.cn/kr/display/brand?dispShopNo=10027076
安娜苏,http://chn.lottedfs.cn/kr/display/brand?dispShopNo=10000066
安尚,http://chn.lottedfs.cn/kr/display/brand?dispShopNo=10019319
安普里奥•阿玛尼,http://chn.lottedfs.cn/kr/display/brand?dispShopNo=10000214
梦蜗 Beauty,http://chn.lottedfs.cn/kr/display/brand?dispShopNo=10009410
爱多康,http://chn.lottedfs.cn/kr/display/brand?dispShopNo=10000807
爱格纳,http://chn.lottedfs.cn/kr/display/brand?dispShopNo=10008468
爱茉莉,http://chn.lottedfs.cn/kr/display/brand?dispShopNo=10000743
爱茉诗,http://chn.lottedfs.cn/kr/display/brand?dispShopNo=10000751
爱贝贝,http://chn.lottedfs.cn/kr/display/brand?dispShopNo=10022301
爱迪生,http://chn.lottedfs.cn/kr/display/brand?dispShopNo=10023631
爱顿博格,http://chn.lottedfs.cn/kr/display/brand?dispShopNo=10000767
爱马仕,http://chn.lottedfs.cn/kr/display/brand?dispShopNo=10006889
瑷嘉莎,http://chn.lottedfs.cn/kr/display/brand?dispShopNo=10000655
艾丝珀,http://chn.lottedfs.cn/kr/display/brand?dispShopNo=10002871
艾凡达,http://chn.lottedfs.cn/kr/display/brand?dispShopNo=10023245
艾利丝,http://chn.lottedfs.cn/kr/display/brand?dispShopNo=10024260
艾哈佛,http://chn.lottedfs.cn/kr/display/brand?dispShopNo=10021413
艾恋之甸 Beauty,http://chn.lottedfs.cn/kr/display/brand?dispShopNo=10024323
艾斯卡达,http://chn.lottedfs.cn/kr/display/brand?dispShopNo=10001967
艾特罗,http://chn.lottedfs.cn/kr/display/brand?dispShopNo=10001975
艾珂薇,http://chn.lottedfs.cn/kr/display/brand?dispShopNo=10008272
艾诺碧,http://chn.lottedfs.cn/kr/display/brand?dispShopNo=10002567
阿玛尼,http://chn.lottedfs.cn/kr/display/brand?dispShopNo=10021796
BOGS,http://chn.lottedfs.cn/kr/display/brand?dispShopNo=10017200
B&B,http://chn.lottedfs.cn/kr/display/brand?dispShopNo=10000847
B.BOX,http://chn.lottedfs.cn/kr/display/brand?dispShopNo=10012565
BABIENCE,http://chn.lottedfs.cn/kr/display/brand?dispShopNo=10000855
BABOR,http://chn.lottedfs.cn/kr/display/brand?dispShopNo=10017395
BABY BANZ,http://chn.lottedfs.cn/kr/display/brand?dispShopNo=10000863
BABY MUFFIN,http://chn.lottedfs.cn/kr/display/brand?dispShopNo=10000871
BABYBJORN,http://chn.lottedfs.cn/kr/display/brand?dispShopNo=10027152
BACIO BACI,http://chn.lottedfs.cn/kr/display/brand?dispShopNo=10002815
BAEZUAN Fashion,http://chn.lottedfs.cn/kr/display/brand?dispShopNo=10025212
BAIYERANG Beauty,http://chn.lottedfs.cn/kr/display/brand?dispShopNo=10017051
BALIBIKI,http://chn.lottedfs.cn/kr/display/brand?dispShopNo=10026591
BAMBOOBEBE,http://chn.lottedfs.cn/kr/display/brand?dispShopNo=10000895
BANDI NAIL,http://chn.lottedfs.cn/kr/display/brand?dispShopNo=10026389
BANG & OLUFSEN,http://chn.lottedfs.cn/kr/display/brand?dispShopNo=10000919
BANYAN TREE,http://chn.lottedfs.cn/kr/display/brand?dispShopNo=10024270
BARREL,http://chn.lottedfs.cn/kr/display/brand?dispShopNo=10000522
BARRIER REPAIR,http://chn.lottedfs.cn/kr/display/brand?dispShopNo=10016972
BB LABORATORIES,http://chn.lottedfs.cn/kr/display/brand?dispShopNo=10021217
BCL,http://chn.lottedfs.cn/kr/display/brand?dispShopNo=10013950
BEAURA & BEAUTY BAR,http://chn.lottedfs.cn/kr/display/brand?dispShopNo=10006673
BEAUTY AIRPORT Beauty,http://chn.lottedfs.cn/kr/display/brand?dispShopNo=10011236
BEAUTY BLENDER,http://chn.lottedfs.cn/kr/display/brand?dispShopNo=10010919
BEBALANCE  Beauty,http://chn.lottedfs.cn/kr/display/brand?dispShopNo=10015139
BEBEGANIC,http://chn.lottedfs.cn/kr/display/brand?dispShopNo=10000951
BELKIN,http://chn.lottedfs.cn/kr/display/brand?dispShopNo=10024638
BELLAMONSTER Beauty,http://chn.lottedfs.cn/kr/display/brand?dispShopNo=10019443
BELLEMENT,http://chn.lottedfs.cn/kr/display/brand?dispShopNo=10013894
BENSIMON KIDS,http://chn.lottedfs.cn/kr/display/brand?dispShopNo=10013515
BESSON JOUJOU,http://chn.lottedfs.cn/kr/display/brand?dispShopNo=10009522
BEURER,http://chn.lottedfs.cn/kr/display/brand?dispShopNo=10000999
BIBIGO Grocery,http://chn.lottedfs.cn/kr/display/brand?dispShopNo=10018387
BIFESTA,http://chn.lottedfs.cn/kr/display/brand?dispShopNo=10006681
BIGMOUTH,http://chn.lottedfs.cn/kr/display/brand?dispShopNo=10013768
BIOCYTE,http://chn.lottedfs.cn/kr/display/brand?dispShopNo=10019514
BIOEFFECT,http://chn.lottedfs.cn/kr/display/brand?dispShopNo=10016705
BIZOO Beauty,http://chn.lottedfs.cn/kr/display/brand?dispShopNo=10010749
BLACK MONSTER,http://chn.lottedfs.cn/kr/display/brand?dispShopNo=10010765
BLACX_YOHANIX,http://chn.lottedfs.cn/kr/display/brand?dispShopNo=10026805
BLAK,http://chn.lottedfs.cn/kr/display/brand?dispShopNo=10013706
BLANC101,http://chn.lottedfs.cn/kr/display/brand?dispShopNo=10001063
BLANK Fashion,http://chn.lottedfs.cn/kr/display/brand?dispShopNo=10025182
BLOOMING CELL Beauty,http://chn.lottedfs.cn/kr/display/brand?dispShopNo=10017601
BODYLUV,http://chn.lottedfs.cn/kr/display/brand?dispShopNo=10023476
BOGNER,http://chn.lottedfs.cn/kr/display/brand?dispShopNo=10009677
BOH Beauty,http://chn.lottedfs.cn/kr/display/brand?dispShopNo=10020271
BONABITS Beauty,http://chn.lottedfs.cn/kr/display/brand?dispShopNo=10010123
BONPOINT,http://chn.lottedfs.cn/kr/display/brand?dispShopNo=10025874
BONYNDOG,http://chn.lottedfs.cn/kr/display/brand?dispShopNo=10001095
BORGHESE,http://chn.lottedfs.cn/kr/display/brand?dispShopNo=10015094
BOSE,http://chn.lottedfs.cn/kr/display/brand?dispShopNo=10001111
BOY LONDON,http://chn.lottedfs.cn/kr/display/brand?dispShopNo=10008492
BRACHIO,http://chn.lottedfs.cn/kr/display/brand?dispShopNo=10024068
BRADLEY TIMEPIECE,http://chn.lottedfs.cn/kr/display/brand?dispShopNo=10010935
BRILLIANT Beauty,http://chn.lottedfs.cn/kr/display/brand?dispShopNo=10012036
BRISKIN Beauty,http://chn.lottedfs.cn/kr/display/brand?dispShopNo=10024028
BRITZ,http://chn.lottedfs.cn/kr/display/brand?dispShopNo=10001151
BRUSHIES Kids,http://chn.lottedfs.cn/kr/display/brand?dispShopNo=10011699
BT21,http://chn.lottedfs.cn/kr/display/brand?dispShopNo=10025680
BULY1803,http://chn.lottedfs.cn/kr/display/brand?dispShopNo=10009628
BUTTERFLY TWISTS,http://chn.lottedfs.cn/kr/display/brand?dispShopNo=10014970
BYREDO,http://chn.lottedfs.cn/kr/display/brand?dispShopNo=10026581
BYTERRY,http://chn.lottedfs.cn/kr/display/brand?dispShopNo=10023202
beats by dr.dre,http://chn.lottedfs.cn/kr/display/brand?dispShopNo=10001215
佰诺佰琪 Beauty,http://chn.lottedfs.cn/kr/display/brand?dispShopNo=10023520
保时捷,http://chn.lottedfs.cn/kr/display/brand?dispShopNo=10003055
保罗·史密斯 Watches,http://chn.lottedfs.cn/kr/display/brand?dispShopNo=10000436
倍宜珂 Beauty,http://chn.lottedfs.cn/kr/display/brand?dispShopNo=10019230
倍轻松,http://chn.lottedfs.cn/kr/display/brand?dispShopNo=10001143
勃肯,http://chn.lottedfs.cn/kr/display/brand?dispShopNo=10001047
博尼,http://chn.lottedfs.cn/kr/display/brand?dispShopNo=10005575
博朗,http://chn.lottedfs.cn/kr/display/brand?dispShopNo=10001127
博柏利,http://chn.lottedfs.cn/kr/display/brand?dispShopNo=10000090
宝丽来,http://chn.lottedfs.cn/kr/display/brand?dispShopNo=10025645
宝娜贝拉 Beauty,http://chn.lottedfs.cn/kr/display/brand?dispShopNo=10023456
宝格丽 Fragrances,http://chn.lottedfs.cn/kr/display/brand?dispShopNo=10023100
宝格丽（眼镜） Eyewear,http://chn.lottedfs.cn/kr/display/brand?dispShopNo=10008508
宝美来,http://chn.lottedfs.cn/kr/display/brand?dispShopNo=10019767
宾格瑞,http://chn.lottedfs.cn/kr/display/brand?dispShopNo=10020755
巴伯尔（FASHION）,http://chn.lottedfs.cn/kr/display/brand?dispShopNo=10019135
巴利,http://chn.lottedfs.cn/kr/display/brand?dispShopNo=10000078
巴尔曼,http://chn.lottedfs.cn/kr/display/brand?dispShopNo=10000887
巴黎世家（EYE）,http://chn.lottedfs.cn/kr/display/brand?dispShopNo=10021347
巴黎卡诗,http://chn.lottedfs.cn/kr/display/brand?dispShopNo=10013827
布克兄弟,http://chn.lottedfs.cn/kr/display/brand?dispShopNo=10005673
布朗博士,http://chn.lottedfs.cn/kr/display/brand?dispShopNo=10001751
布朗杜 Beauty,http://chn.lottedfs.cn/kr/display/brand?dispShopNo=10016818
布来亚克,http://chn.lottedfs.cn/kr/display/brand?dispShopNo=10006689
布里斯顿,http://chn.lottedfs.cn/kr/display/brand?dispShopNo=10008500
彪马,http://chn.lottedfs.cn/kr/display/brand?dispShopNo=10008754
暴龙,http://chn.lottedfs.cn/kr/display/brand?dispShopNo=10001087
毕加索,http://chn.lottedfs.cn/kr/display/brand?dispShopNo=10008746
波漫,http://chn.lottedfs.cn/kr/display/brand?dispShopNo=10024125
滨波,http://chn.lottedfs.cn/kr/display/brand?dispShopNo=10000927
滨波男装 Fashion,http://chn.lottedfs.cn/kr/display/brand?dispShopNo=10025824
白令 Watches,http://chn.lottedfs.cn/kr/display/brand?dispShopNo=10020771
白雪美精,http://chn.lottedfs.cn/kr/display/brand?dispShopNo=10019158
百丽格,http://chn.lottedfs.cn/kr/display/brand?dispShopNo=10002983
百年灵,http://chn.lottedfs.cn/kr/display/brand?dispShopNo=10007329
百洛护肤油,http://chn.lottedfs.cn/kr/display/brand?dispShopNo=10001015
百益优,http://chn.lottedfs.cn/kr/display/brand?dispShopNo=10020367
百禄堂,http://chn.lottedfs.cn/kr/display/brand?dispShopNo=10026549
碧嘉,http://chn.lottedfs.cn/kr/display/brand?dispShopNo=10021729
碧尔缇希,http://chn.lottedfs.cn/kr/display/brand?dispShopNo=10022554
碧梦诗 Beauty,http://chn.lottedfs.cn/kr/display/brand?dispShopNo=10021593
碧欧泉男士,http://chn.lottedfs.cn/kr/display/brand?dispShopNo=10012450
碧研菲,http://chn.lottedfs.cn/kr/display/brand?dispShopNo=10001223
碧芝莱,http://chn.lottedfs.cn/kr/display/brand?dispShopNo=10022281
芭妮兰,http://chn.lottedfs.cn/kr/display/brand?dispShopNo=10001207
芭比波朗,http://chn.lottedfs.cn/kr/display/brand?dispShopNo=10024540
葆蝶家,http://chn.lottedfs.cn/kr/display/brand?dispShopNo=10006697
蓝狗,http://chn.lottedfs.cn/kr/display/brand?dispShopNo=10019740
贝嘟嘟,http://chn.lottedfs.cn/kr/display/brand?dispShopNo=10027261
贝妍德,http://chn.lottedfs.cn/kr/display/brand?dispShopNo=10001007
贝妮格林 Beauty,http://chn.lottedfs.cn/kr/display/brand?dispShopNo=10022659
贝德玛,http://chn.lottedfs.cn/kr/display/brand?dispShopNo=10001023
贝德玛,http://chn.lottedfs.cn/kr/display/brand?dispShopNo=10008452
贝玲妃,http://chn.lottedfs.cn/kr/display/brand?dispShopNo=10000967
贝贝丽喜 Kids,http://chn.lottedfs.cn/kr/display/brand?dispShopNo=10026032
CAGAPUTZI,http://chn.lottedfs.cn/kr/display/brand?dispShopNo=10012573
CALOBYE,http://chn.lottedfs.cn/kr/display/brand?dispShopNo=10013405
CAMBRIDGE SATCHEL,http://chn.lottedfs.cn/kr/display/brand?dispShopNo=10015021
CANDY LAB Beauty,http://chn.lottedfs.cn/kr/display/brand?dispShopNo=10019051
CANMAKE,http://chn.lottedfs.cn/kr/display/brand?dispShopNo=10001239
CARE ZONE,http://chn.lottedfs.cn/kr/display/brand?dispShopNo=10001263
CARIN,http://chn.lottedfs.cn/kr/display/brand?dispShopNo=10001271
CARLYN,http://chn.lottedfs.cn/kr/display/brand?dispShopNo=10006705
CASTELBAJAC,http://chn.lottedfs.cn/kr/display/brand?dispShopNo=10027424
CATRICE,http://chn.lottedfs.cn/kr/display/brand?dispShopNo=10025811
CCILU,http://chn.lottedfs.cn/kr/display/brand?dispShopNo=10013361
CDSD,http://chn.lottedfs.cn/kr/display/brand?dispShopNo=10026815
CELDERMA,http://chn.lottedfs.cn/kr/display/brand?dispShopNo=10001311
CELLBN,http://chn.lottedfs.cn/kr/display/brand?dispShopNo=10023317
CELLRETURN,http://chn.lottedfs.cn/kr/display/brand?dispShopNo=10014784
CEZANNE,http://chn.lottedfs.cn/kr/display/brand?dispShopNo=10008532
CGUARD,http://chn.lottedfs.cn/kr/display/brand?dispShopNo=10009052
CHAHONG,http://chn.lottedfs.cn/kr/display/brand?dispShopNo=10026411
CHAKAN FACTORY,http://chn.lottedfs.cn/kr/display/brand?dispShopNo=10001351
CHOKCHOK Beauty,http://chn.lottedfs.cn/kr/display/brand?dispShopNo=10012737
CHOSUNGAH 22,http://chn.lottedfs.cn/kr/display/brand?dispShopNo=10001383
CILOCALA Bags & wallets,http://chn.lottedfs.cn/kr/display/brand?dispShopNo=10026683
CILY COSMETIC Beauty,http://chn.lottedfs.cn/kr/display/brand?dispShopNo=10026238
CIVASAN,http://chn.lottedfs.cn/kr/display/brand?dispShopNo=10025146
CLAPIEL Beauty,http://chn.lottedfs.cn/kr/display/brand?dispShopNo=10018417
CLEDBEL,http://chn.lottedfs.cn/kr/display/brand?dispShopNo=10025834
CLENSURE,http://chn.lottedfs.cn/kr/display/brand?dispShopNo=10013648
CLICCLAC,http://chn.lottedfs.cn/kr/display/brand?dispShopNo=10009060
CLPHARM Grocery,http://chn.lottedfs.cn/kr/display/brand?dispShopNo=10017501
COCOA ENJOY,http://chn.lottedfs.cn/kr/display/brand?dispShopNo=10010196
COGNIKIDS,http://chn.lottedfs.cn/kr/display/brand?dispShopNo=10014591
COLOMBIN,http://chn.lottedfs.cn/kr/display/brand?dispShopNo=10001471
COMOJOY,http://chn.lottedfs.cn/kr/display/brand?dispShopNo=10027384
COMOTOMO,http://chn.lottedfs.cn/kr/display/brand?dispShopNo=10002847
CONDENSE,http://chn.lottedfs.cn/kr/display/brand?dispShopNo=10017284
CONTINEW,http://chn.lottedfs.cn/kr/display/brand?dispShopNo=10023177
COOL SSHA,http://chn.lottedfs.cn/kr/display/brand?dispShopNo=10008879
CORORO,http://chn.lottedfs.cn/kr/display/brand?dispShopNo=10006753
COSMOPOLITAN Beauty,http://chn.lottedfs.cn/kr/display/brand?dispShopNo=10017248
COSRX,http://chn.lottedfs.cn/kr/display/brand?dispShopNo=10006761
COURCELLES Beauty,http://chn.lottedfs.cn/kr/display/brand?dispShopNo=10024013
COURONNE,http://chn.lottedfs.cn/kr/display/brand?dispShopNo=10001487
CP-1,http://chn.lottedfs.cn/kr/display/brand?dispShopNo=10001495
CR7 Fragrances,http://chn.lottedfs.cn/kr/display/brand?dispShopNo=10017128
CSMIANE Beauty,http://chn.lottedfs.cn/kr/display/brand?dispShopNo=10019702
CURLYSHYLL,http://chn.lottedfs.cn/kr/display/brand?dispShopNo=10027293
CUSTOMUS Fashion,http://chn.lottedfs.cn/kr/display/brand?dispShopNo=10025573
CUTIES AND PALS,http://chn.lottedfs.cn/kr/display/brand?dispShopNo=10011691
Caaocho,http://chn.lottedfs.cn/kr/display/brand?dispShopNo=10002823
Caddy Talk,http://chn.lottedfs.cn/kr/display/brand?dispShopNo=10017356
Cartwright & Butler,http://chn.lottedfs.cn/kr/display/brand?dispShopNo=10008572
Chug Kun Dang Healthcare,http://chn.lottedfs.cn/kr/display/brand?dispShopNo=10017918
Chunho Ncare,http://chn.lottedfs.cn/kr/display/brand?dispShopNo=10023889
YUNOHANA,http://chn.lottedfs.cn/kr/display/brand?dispShopNo=10007173
卡罗琳娜·埃莱拉,http://chn.lottedfs.cn/kr/display/brand?dispShopNo=10009094
城野医生,http://chn.lottedfs.cn/kr/display/brand?dispShopNo=10001759
婵真,http://chn.lottedfs.cn/kr/display/brand?dispShopNo=10001367
寵愛之名,http://chn.lottedfs.cn/kr/display/brand?dispShopNo=10016884
D.P.C,http://chn.lottedfs.cn/kr/display/brand?dispShopNo=10008580
DAITO,http://chn.lottedfs.cn/kr/display/brand?dispShopNo=10021478
DANCING WHALE Beauty,http://chn.lottedfs.cn/kr/display/brand?dispShopNo=10019292
DANGCOOK,http://chn.lottedfs.cn/kr/display/brand?dispShopNo=10027172
DARPHIN,http://chn.lottedfs.cn/kr/display/brand?dispShopNo=10007940
DASHING DIVA,http://chn.lottedfs.cn/kr/display/brand?dispShopNo=10006769
DEAR LAUREN,http://chn.lottedfs.cn/kr/display/brand?dispShopNo=10022271
DEARANCHY Beauty,http://chn.lottedfs.cn/kr/display/brand?dispShopNo=10017611
DEBASSQQ,http://chn.lottedfs.cn/kr/display/brand?dispShopNo=10010662
DECKE,http://chn.lottedfs.cn/kr/display/brand?dispShopNo=10001623
DEESSE,http://chn.lottedfs.cn/kr/display/brand?dispShopNo=10001631
DEJAVU,http://chn.lottedfs.cn/kr/display/brand?dispShopNo=10013145
DELLEST,http://chn.lottedfs.cn/kr/display/brand?dispShopNo=10020343
DEMEDICOTEM Beauty,http://chn.lottedfs.cn/kr/display/brand?dispShopNo=10026424
DENPS,http://chn.lottedfs.cn/kr/display/brand?dispShopNo=10021300
DENTISTE,http://chn.lottedfs.cn/kr/display/brand?dispShopNo=10001639
DERMAFIRM,http://chn.lottedfs.cn/kr/display/brand?dispShopNo=10012358
DERMALL MATRIX Beauty,http://chn.lottedfs.cn/kr/display/brand?dispShopNo=10015493
DERMALOGICA,http://chn.lottedfs.cn/kr/display/brand?dispShopNo=10006793
DESIGN COUNCIL BUSAN,http://chn.lottedfs.cn/kr/display/brand?dispShopNo=10022616
DESIGN SKIN,http://chn.lottedfs.cn/kr/display/brand?dispShopNo=10014561
DESSIN Beauty,http://chn.lottedfs.cn/kr/display/brand?dispShopNo=10011150
DEVIL DIET,http://chn.lottedfs.cn/kr/display/brand?dispShopNo=10001647
DIDIER DUBOT,http://chn.lottedfs.cn/kr/display/brand?dispShopNo=10001663
DIEL Beauty,http://chn.lottedfs.cn/kr/display/brand?dispShopNo=10019777
DISNEY & MARVEL,http://chn.lottedfs.cn/kr/display/brand?dispShopNo=10001695
DISNEY(EYE),http://chn.lottedfs.cn/kr/display/brand?dispShopNo=10008594
DJI,http://chn.lottedfs.cn/kr/display/brand?dispShopNo=10025105
DLA Beauty,http://chn.lottedfs.cn/kr/display/brand?dispShopNo=10025079
DM KOREA,http://chn.lottedfs.cn/kr/display/brand?dispShopNo=10001711
DOCTOR WONDER,http://chn.lottedfs.cn/kr/display/brand?dispShopNo=10010757
DR+LIM,http://chn.lottedfs.cn/kr/display/brand?dispShopNo=10002639
DR.ALTHEA Beauty,http://chn.lottedfs.cn/kr/display/brand?dispShopNo=10018749
DR.BRONNERS,http://chn.lottedfs.cn/kr/display/brand?dispShopNo=10026349
DR.FORHAIR Beauty,http://chn.lottedfs.cn/kr/display/brand?dispShopNo=10017641
DR.MIND Beauty,http://chn.lottedfs.cn/kr/display/brand?dispShopNo=10024301
DR.PEPTI+,http://chn.lottedfs.cn/kr/display/brand?dispShopNo=10012164
DR.USB,http://chn.lottedfs.cn/kr/display/brand?dispShopNo=10001783
DREAM WORKS Beauty,http://chn.lottedfs.cn/kr/display/brand?dispShopNo=10017158
DUAL BREATHER,http://chn.lottedfs.cn/kr/display/brand?dispShopNo=10022709
DUDUBEBE Beauty,http://chn.lottedfs.cn/kr/display/brand?dispShopNo=10018720
DUOLAC,http://chn.lottedfs.cn/kr/display/brand?dispShopNo=10012225
De Simone,http://chn.lottedfs.cn/kr/display/brand?dispShopNo=10022465
Dear Dahlia Beauty,http://chn.lottedfs.cn/kr/display/brand?dispShopNo=10011166
Dr.ARRIVO,http://chn.lottedfs.cn/kr/display/brand?dispShopNo=10015462
Dr.G,http://chn.lottedfs.cn/kr/display/brand?dispShopNo=10001823
W.DRESSROOM Beauty,http://chn.lottedfs.cn/kr/display/brand?dispShopNo=10019457
丹尼尔·惠灵顿,http://chn.lottedfs.cn/kr/display/brand?dispShopNo=10001815
多娜娴,http://chn.lottedfs.cn/kr/display/brand?dispShopNo=10001599
大卫杜夫,http://chn.lottedfs.cn/kr/display/brand?dispShopNo=10001607
大卫杜夫雪茄,http://chn.lottedfs.cn/kr/display/brand?dispShopNo=10006777
岱蔻儿,http://chn.lottedfs.cn/kr/display/brand?dispShopNo=10026185
帝依圣 Beauty,http://chn.lottedfs.cn/kr/display/brand?dispShopNo=10009669
得鲜,http://chn.lottedfs.cn/kr/display/brand?dispShopNo=10005167
德康美,http://chn.lottedfs.cn/kr/display/brand?dispShopNo=10022745
德米亚尼 Jewelry,http://chn.lottedfs.cn/kr/display/brand?dispShopNo=10010391
朵昂思,http://chn.lottedfs.cn/kr/display/brand?dispShopNo=10001799
杜嘉班纳,http://chn.lottedfs.cn/kr/display/brand?dispShopNo=10000202
蒂佳婷,http://chn.lottedfs.cn/kr/display/brand?dispShopNo=10001831
蒂普提克,http://chn.lottedfs.cn/kr/display/brand?dispShopNo=10001679
蒂芙尼/TIFFANY & CO. Fragrances,http://chn.lottedfs.cn/kr/display/brand?dispShopNo=10010585
达亚比,http://chn.lottedfs.cn/kr/display/brand?dispShopNo=10021839
达克斯 Bags & wallets,http://chn.lottedfs.cn/kr/display/brand?dispShopNo=10009017
达克斯(LONDON) Fashion,http://chn.lottedfs.cn/kr/display/brand?dispShopNo=10000163
达尔肤,http://chn.lottedfs.cn/kr/display/brand?dispShopNo=10016874
达特法姆,http://chn.lottedfs.cn/kr/display/brand?dispShopNo=10001775
迪士尼,http://chn.lottedfs.cn/kr/display/brand?dispShopNo=10001687
迪奥 Beauty,http://chn.lottedfs.cn/kr/display/brand?dispShopNo=10018797
迪奥 Eyewear,http://chn.lottedfs.cn/kr/display/brand?dispShopNo=10008941
迪尔玛,http://chn.lottedfs.cn/kr/display/brand?dispShopNo=10025700
迪赛,http://chn.lottedfs.cn/kr/display/brand?dispShopNo=10000177
都彭,http://chn.lottedfs.cn/kr/display/brand?dispShopNo=10003326
高尔夫球童,http://chn.lottedfs.cn/kr/display/brand?dispShopNo=10002215
黛儿漾 Beauty,http://chn.lottedfs.cn/kr/display/brand?dispShopNo=10024115
黛儿珀,http://chn.lottedfs.cn/kr/display/brand?dispShopNo=10013656
黛珂,http://chn.lottedfs.cn/kr/display/brand?dispShopNo=10022772
23years old,http://chn.lottedfs.cn/kr/display/brand?dispShopNo=10000011
2AN,http://chn.lottedfs.cn/kr/display/brand?dispShopNo=10026935
E NATURE,http://chn.lottedfs.cn/kr/display/brand?dispShopNo=10009573
EASTPAK,http://chn.lottedfs.cn/kr/display/brand?dispShopNo=10001863
EASYDEW,http://chn.lottedfs.cn/kr/display/brand?dispShopNo=10001871
ECCO SHOES,http://chn.lottedfs.cn/kr/display/brand?dispShopNo=10001879
ECO FACE,http://chn.lottedfs.cn/kr/display/brand?dispShopNo=10017346
ED Hardy,http://chn.lottedfs.cn/kr/display/brand?dispShopNo=10001887
EFLASH,http://chn.lottedfs.cn/kr/display/brand?dispShopNo=10023672
EIGHT8BALL,http://chn.lottedfs.cn/kr/display/brand?dispShopNo=10026561
ELAGO,http://chn.lottedfs.cn/kr/display/brand?dispShopNo=10025232
ELBATEGEV,http://chn.lottedfs.cn/kr/display/brand?dispShopNo=10023167
ELBINI&CO,http://chn.lottedfs.cn/kr/display/brand?dispShopNo=10026509
ELODIEDETAIL,http://chn.lottedfs.cn/kr/display/brand?dispShopNo=10009715
ELROEL,http://chn.lottedfs.cn/kr/display/brand?dispShopNo=10010602
ELVA,http://chn.lottedfs.cn/kr/display/brand?dispShopNo=10025441
EMBRYOLISSE,http://chn.lottedfs.cn/kr/display/brand?dispShopNo=10001935
EMP.T LABEL,http://chn.lottedfs.cn/kr/display/brand?dispShopNo=10026825
EMU,http://chn.lottedfs.cn/kr/display/brand?dispShopNo=10001943
ENTRE REVES,http://chn.lottedfs.cn/kr/display/brand?dispShopNo=10025160
ENVITAL,http://chn.lottedfs.cn/kr/display/brand?dispShopNo=10020029
EOSIKA,http://chn.lottedfs.cn/kr/display/brand?dispShopNo=10002855
EPONA Beauty,http://chn.lottedfs.cn/kr/display/brand?dispShopNo=10015234
ERGOBABY,http://chn.lottedfs.cn/kr/display/brand?dispShopNo=10001959
ERNO LASZLO,http://chn.lottedfs.cn/kr/display/brand?dispShopNo=10014697
ESLENA Beauty,http://chn.lottedfs.cn/kr/display/brand?dispShopNo=10017238
ESTHE PRO LABO,http://chn.lottedfs.cn/kr/display/brand?dispShopNo=10018076
EUBOS,http://chn.lottedfs.cn/kr/display/brand?dispShopNo=10001991
EUCERIN,http://chn.lottedfs.cn/kr/display/brand?dispShopNo=10006817
EVER COLLAGEN,http://chn.lottedfs.cn/kr/display/brand?dispShopNo=10023125
EYETRIBE,http://chn.lottedfs.cn/kr/display/brand?dispShopNo=10002007
Electricianz,http://chn.lottedfs.cn/kr/display/brand?dispShopNo=10010911
ergoPouch,http://chn.lottedfs.cn/kr/display/brand?dispShopNo=10002863
东方理论  Beauty,http://chn.lottedfs.cn/kr/display/brand?dispShopNo=10027107
娥佩兰,http://chn.lottedfs.cn/kr/display/brand?dispShopNo=10021433
斐德瑞克·马尔,http://chn.lottedfs.cn/kr/display/brand?dispShopNo=10022131
法国鳄鱼腕表 Watches,http://chn.lottedfs.cn/kr/display/brand?dispShopNo=10024146
艾格拉多,http://chn.lottedfs.cn/kr/display/brand?dispShopNo=10008618
FACE FACTORY Digital,http://chn.lottedfs.cn/kr/display/brand?dispShopNo=10020067
FADE OUT,http://chn.lottedfs.cn/kr/display/brand?dispShopNo=10022081
FAKE ME,http://chn.lottedfs.cn/kr/display/brand?dispShopNo=10023849
FARMACY,http://chn.lottedfs.cn/kr/display/brand?dispShopNo=10020151
FAU,http://chn.lottedfs.cn/kr/display/brand?dispShopNo=10012792
FENNEC,http://chn.lottedfs.cn/kr/display/brand?dispShopNo=10012539
FENTY BEAUTY,http://chn.lottedfs.cn/kr/display/brand?dispShopNo=10024229
FFLOW Beauty,http://chn.lottedfs.cn/kr/display/brand?dispShopNo=10017148
FILA SPORTS Fashion,http://chn.lottedfs.cn/kr/display/brand?dispShopNo=10011021
FILLIMILLI Beauty,http://chn.lottedfs.cn/kr/display/brand?dispShopNo=10025525
FILSON,http://chn.lottedfs.cn/kr/display/brand?dispShopNo=10008626
FINDKAPOOR,http://chn.lottedfs.cn/kr/display/brand?dispShopNo=10010654
FIRST AID BEAUTY,http://chn.lottedfs.cn/kr/display/brand?dispShopNo=10027454
FITFLOP(vetrina),http://chn.lottedfs.cn/kr/display/brand?dispShopNo=10020354
FITPET,http://chn.lottedfs.cn/kr/display/brand?dispShopNo=10026998
FLIPAZOO,http://chn.lottedfs.cn/kr/display/brand?dispShopNo=10006825
FND,http://chn.lottedfs.cn/kr/display/brand?dispShopNo=10006833
FOELLIE Beauty,http://chn.lottedfs.cn/kr/display/brand?dispShopNo=10022445
FORB,http://chn.lottedfs.cn/kr/display/brand?dispShopNo=10002095
FORMEL CAMELE,http://chn.lottedfs.cn/kr/display/brand?dispShopNo=10026945
FORMULA OF BEAUTY Beauty,http://chn.lottedfs.cn/kr/display/brand?dispShopNo=10016836
FRANZ Beauty,http://chn.lottedfs.cn/kr/display/brand?dispShopNo=10010361
FREEPLUS,http://chn.lottedfs.cn/kr/display/brand?dispShopNo=10017438
FRICA Jewelry,http://chn.lottedfs.cn/kr/display/brand?dispShopNo=10022120
FRONTROW,http://chn.lottedfs.cn/kr/display/brand?dispShopNo=10027048
FURLA Watches,http://chn.lottedfs.cn/kr/display/brand?dispShopNo=10019403
FURLA (vetrina),http://chn.lottedfs.cn/kr/display/brand?dispShopNo=10014571
Foogo,http://chn.lottedfs.cn/kr/display/brand?dispShopNo=10002879
FromBIO,http://chn.lottedfs.cn/kr/display/brand?dispShopNo=10010538
凡士林,http://chn.lottedfs.cn/kr/display/brand?dispShopNo=10005455
富士胶片,http://chn.lottedfs.cn/kr/display/brand?dispShopNo=10002143
斐乐 Eyewear,http://chn.lottedfs.cn/kr/display/brand?dispShopNo=10012494
斐珞尔,http://chn.lottedfs.cn/kr/display/brand?dispShopNo=10002111
法国鳄鱼 Fashion,http://chn.lottedfs.cn/kr/display/brand?dispShopNo=10012201
法拉利,http://chn.lottedfs.cn/kr/display/brand?dispShopNo=10002039
疯狂旋转猴​,http://chn.lottedfs.cn/kr/display/brand?dispShopNo=10001567
福库/CUCKOO,http://chn.lottedfs.cn/kr/display/brand?dispShopNo=10008566
芙拉,http://chn.lottedfs.cn/kr/display/brand?dispShopNo=10002151
芙莉美娜,http://chn.lottedfs.cn/kr/display/brand?dispShopNo=10003071
芬迪,http://chn.lottedfs.cn/kr/display/brand?dispShopNo=10000241
芬迪,http://chn.lottedfs.cn/kr/display/brand?dispShopNo=10009134
范思哲 Fragrances,http://chn.lottedfs.cn/kr/display/brand?dispShopNo=10000484
范思哲 Watches,http://chn.lottedfs.cn/kr/display/brand?dispShopNo=10009043
菲拉格慕,http://chn.lottedfs.cn/kr/display/brand?dispShopNo=10000458
菲洛嘉,http://chn.lottedfs.cn/kr/display/brand?dispShopNo=10019640
菲诗小铺,http://chn.lottedfs.cn/kr/display/brand?dispShopNo=10005119
霏丝佳,http://chn.lottedfs.cn/kr/display/brand?dispShopNo=10006457
飞利浦,http://chn.lottedfs.cn/kr/display/brand?dispShopNo=10004927
飞菲童表,http://chn.lottedfs.cn/kr/display/brand?dispShopNo=10002159
馥洛薇,http://chn.lottedfs.cn/kr/display/brand?dispShopNo=10022403
馥绿德雅,http://chn.lottedfs.cn/kr/display/brand?dispShopNo=10003207
馥蕾诗,http://chn.lottedfs.cn/kr/display/brand?dispShopNo=10002135
CLOTTY Fashion,http://chn.lottedfs.cn/kr/display/brand?dispShopNo=10026765
GARMIN,http://chn.lottedfs.cn/kr/display/brand?dispShopNo=10010049
GENERAL IDEA STANDARD,http://chn.lottedfs.cn/kr/display/brand?dispShopNo=10026845
GET ME BLING Jewelry,http://chn.lottedfs.cn/kr/display/brand?dispShopNo=10013777
GGOMOOSIN,http://chn.lottedfs.cn/kr/display/brand?dispShopNo=10009327
GIUSEPPE GIUSTI,http://chn.lottedfs.cn/kr/display/brand?dispShopNo=10013457
GLAMGLOW,http://chn.lottedfs.cn/kr/display/brand?dispShopNo=10002183
GLAMPALM,http://chn.lottedfs.cn/kr/display/brand?dispShopNo=10005031
GOLDEN GOOSE,http://chn.lottedfs.cn/kr/display/brand?dispShopNo=10019672
GOUTAL PARIS Fragrances,http://chn.lottedfs.cn/kr/display/brand?dispShopNo=10019282
GQLAB,http://chn.lottedfs.cn/kr/display/brand?dispShopNo=10002231
GREEN FINGER,http://chn.lottedfs.cn/kr/display/brand?dispShopNo=10006849
GREEN HARMONY,http://chn.lottedfs.cn/kr/display/brand?dispShopNo=10025496
GREENTOYS,http://chn.lottedfs.cn/kr/display/brand?dispShopNo=10002247
GRN,http://chn.lottedfs.cn/kr/display/brand?dispShopNo=10010852
GROSMIMI,http://chn.lottedfs.cn/kr/display/brand?dispShopNo=10025062
GUARDY,http://chn.lottedfs.cn/kr/display/brand?dispShopNo=10020968
GUERILLA,http://chn.lottedfs.cn/kr/display/brand?dispShopNo=10024166
GUERISSON,http://chn.lottedfs.cn/kr/display/brand?dispShopNo=10002263
GUYLIAN,http://chn.lottedfs.cn/kr/display/brand?dispShopNo=10002279
GU_DE,http://chn.lottedfs.cn/kr/display/brand?dispShopNo=10026855
GoPro,http://chn.lottedfs.cn/kr/display/brand?dispShopNo=10002303
Golden dew,http://chn.lottedfs.cn/kr/display/brand?dispShopNo=10002311
Graphiste Man.G Fashion,http://chn.lottedfs.cn/kr/display/brand?dispShopNo=10025136
KWANGDONG,http://chn.lottedfs.cn/kr/display/brand?dispShopNo=10022151
光之滢 Beauty,http://chn.lottedfs.cn/kr/display/brand?dispShopNo=10021468
古驰 Beauty,http://chn.lottedfs.cn/kr/display/brand?dispShopNo=10018343
古驰 Eyewear,http://chn.lottedfs.cn/kr/display/brand?dispShopNo=10022626
宫中秘策,http://chn.lottedfs.cn/kr/display/brand?dispShopNo=10002319
歌帝梵,http://chn.lottedfs.cn/kr/display/brand?dispShopNo=10002199
盖尔斯手表,http://chn.lottedfs.cn/kr/display/brand?dispShopNo=10000278
肝万岁 Grocery,http://chn.lottedfs.cn/kr/display/brand?dispShopNo=10010893
高丝,http://chn.lottedfs.cn/kr/display/brand?dispShopNo=10003447
高丽人参产品商社,http://chn.lottedfs.cn/kr/display/brand?dispShopNo=10007229
高丽银丹,http://chn.lottedfs.cn/kr/display/brand?dispShopNo=10003887
高丽雅娜,http://chn.lottedfs.cn/kr/display/brand?dispShopNo=10001559
HADALABO,http://chn.lottedfs.cn/kr/display/brand?dispShopNo=10006873
HALF MOON EYES Beauty,http://chn.lottedfs.cn/kr/display/brand?dispShopNo=10018023
HANGOVERJOE,http://chn.lottedfs.cn/kr/display/brand?dispShopNo=10026316
HANNAH PAD,http://chn.lottedfs.cn/kr/display/brand?dispShopNo=10012209
HANYUL Beauty,http://chn.lottedfs.cn/kr/display/brand?dispShopNo=10019115
HARMAN,http://chn.lottedfs.cn/kr/display/brand?dispShopNo=10012012
HATHERINE,http://chn.lottedfs.cn/kr/display/brand?dispShopNo=10023969
HATOMUGI,http://chn.lottedfs.cn/kr/display/brand?dispShopNo=10011472
HAVAIANAS,http://chn.lottedfs.cn/kr/display/brand?dispShopNo=10008650
HAYASHI,http://chn.lottedfs.cn/kr/display/brand?dispShopNo=10012832
HAZZYS,http://chn.lottedfs.cn/kr/display/brand?dispShopNo=10002367
HAZZYS KIDS,http://chn.lottedfs.cn/kr/display/brand?dispShopNo=10026529
HEADSPA7,http://chn.lottedfs.cn/kr/display/brand?dispShopNo=10027343
HEI,http://chn.lottedfs.cn/kr/display/brand?dispShopNo=10024048
HELEN KAMINSKI,http://chn.lottedfs.cn/kr/display/brand?dispShopNo=10008382
HESTIA,http://chn.lottedfs.cn/kr/display/brand?dispShopNo=10026695
HIEMS COR,http://chn.lottedfs.cn/kr/display/brand?dispShopNo=10026074
HILACTO,http://chn.lottedfs.cn/kr/display/brand?dispShopNo=10002431
HIMAlAYA,http://chn.lottedfs.cn/kr/display/brand?dispShopNo=10002439
HINCE,http://chn.lottedfs.cn/kr/display/brand?dispShopNo=10022771
HIWELL,http://chn.lottedfs.cn/kr/display/brand?dispShopNo=10002423
HOLY NUMBER 7 Fashion,http://chn.lottedfs.cn/kr/display/brand?dispShopNo=10025042
HONEY BUTTER ALMOND,http://chn.lottedfs.cn/kr/display/brand?dispShopNo=10006897
HONEY SPOON,http://chn.lottedfs.cn/kr/display/brand?dispShopNo=10011244
HONG SHOT Beauty,http://chn.lottedfs.cn/kr/display/brand?dispShopNo=10017489
HOTSLING,http://chn.lottedfs.cn/kr/display/brand?dispShopNo=10009723
HOWLPOT,http://chn.lottedfs.cn/kr/display/brand?dispShopNo=10026042
HOZE,http://chn.lottedfs.cn/kr/display/brand?dispShopNo=10026865
HUBDIC,http://chn.lottedfs.cn/kr/display/brand?dispShopNo=10002479
HURUM皇后普洱茶,http://chn.lottedfs.cn/kr/display/brand?dispShopNo=10016924
HUXLEY,http://chn.lottedfs.cn/kr/display/brand?dispShopNo=10002495
HYDRO FLASK,http://chn.lottedfs.cn/kr/display/brand?dispShopNo=10025283
HairBeam,http://chn.lottedfs.cn/kr/display/brand?dispShopNo=10019245
Holika Holika,http://chn.lottedfs.cn/kr/display/brand?dispShopNo=10002455
Horizon&co,http://chn.lottedfs.cn/kr/display/brand?dispShopNo=10027489
化石,http://chn.lottedfs.cn/kr/display/brand?dispShopNo=10002119
后,http://chn.lottedfs.cn/kr/display/brand?dispShopNo=10005127
哈吉斯,http://chn.lottedfs.cn/kr/display/brand?dispShopNo=10002359
惠人,http://chn.lottedfs.cn/kr/display/brand?dispShopNo=10006905
惠美寿,http://chn.lottedfs.cn/kr/display/brand?dispShopNo=10019526
汉米尔顿,http://chn.lottedfs.cn/kr/display/brand?dispShopNo=10002327
海珂思,http://chn.lottedfs.cn/kr/display/brand?dispShopNo=10007045
海秀儿 Jewelry,http://chn.lottedfs.cn/kr/display/brand?dispShopNo=10011285
海蓝之谜,http://chn.lottedfs.cn/kr/display/brand?dispShopNo=10006032
皇丰正,http://chn.lottedfs.cn/kr/display/brand?dispShopNo=10002511
皇作,http://chn.lottedfs.cn/kr/display/brand?dispShopNo=10020747
花妍 Beauty,http://chn.lottedfs.cn/kr/display/brand?dispShopNo=10019787
豪利时,http://chn.lottedfs.cn/kr/display/brand?dispShopNo=10004823
贺本清,http://chn.lottedfs.cn/kr/display/brand?dispShopNo=10002407
赫妍,http://chn.lottedfs.cn/kr/display/brand?dispShopNo=10002399
赫柏林,http://chn.lottedfs.cn/kr/display/brand?dispShopNo=10004391
赫莲娜,http://chn.lottedfs.cn/kr/display/brand?dispShopNo=10023533
I,http://chn.lottedfs.cn/kr/display/brand?dispShopNo=10002527
IBL Grocery,http://chn.lottedfs.cn/kr/display/brand?dispShopNo=10018763
IBL BEAUTY Beauty,http://chn.lottedfs.cn/kr/display/brand?dispShopNo=10027162
ICLEVER,http://chn.lottedfs.cn/kr/display/brand?dispShopNo=10026670
ID Beauty,http://chn.lottedfs.cn/kr/display/brand?dispShopNo=10018033
ILLI,http://chn.lottedfs.cn/kr/display/brand?dispShopNo=10002895
IM FROM,http://chn.lottedfs.cn/kr/display/brand?dispShopNo=10026539
INCASE,http://chn.lottedfs.cn/kr/display/brand?dispShopNo=10024363
INGLOT,http://chn.lottedfs.cn/kr/display/brand?dispShopNo=10025553
INSBYN Beauty,http://chn.lottedfs.cn/kr/display/brand?dispShopNo=10011256
INSTANT FUNK Fashion,http://chn.lottedfs.cn/kr/display/brand?dispShopNo=10025371
INSTANTTATTOO Beauty,http://chn.lottedfs.cn/kr/display/brand?dispShopNo=10023243
IONSPA,http://chn.lottedfs.cn/kr/display/brand?dispShopNo=10012800
IRANG Kids,http://chn.lottedfs.cn/kr/display/brand?dispShopNo=10025017
ISAW,http://chn.lottedfs.cn/kr/display/brand?dispShopNo=10010350
ISNTREE Beauty,http://chn.lottedfs.cn/kr/display/brand?dispShopNo=10017041
ISTKUNST Fashion,http://chn.lottedfs.cn/kr/display/brand?dispShopNo=10026755
ITHINKSO,http://chn.lottedfs.cn/kr/display/brand?dispShopNo=10022844
ITS DOG,http://chn.lottedfs.cn/kr/display/brand?dispShopNo=10002623
IWLT Beauty,http://chn.lottedfs.cn/kr/display/brand?dispShopNo=10013942
icecreamfairy,http://chn.lottedfs.cn/kr/display/brand?dispShopNo=10025192
茵芙莎,http://chn.lottedfs.cn/kr/display/brand?dispShopNo=10018531
J BEAUTY PARK Beauty,http://chn.lottedfs.cn/kr/display/brand?dispShopNo=10019662
J.ESTINA,http://chn.lottedfs.cn/kr/display/brand?dispShopNo=10002646
JABUSHE(嘉碧希),http://chn.lottedfs.cn/kr/display/brand?dispShopNo=10006913
JAMIEWANDER,http://chn.lottedfs.cn/kr/display/brand?dispShopNo=10027404
JANOD,http://chn.lottedfs.cn/kr/display/brand?dispShopNo=10002663
JAYJUN,http://chn.lottedfs.cn/kr/display/brand?dispShopNo=10002671
JEAN PAUL GAULTIER (PFM),http://chn.lottedfs.cn/kr/display/brand?dispShopNo=10006929
JEWEL COUNTY,http://chn.lottedfs.cn/kr/display/brand?dispShopNo=10024414
JMSOLUTION,http://chn.lottedfs.cn/kr/display/brand?dispShopNo=10008674
JMW,http://chn.lottedfs.cn/kr/display/brand?dispShopNo=10020079
JOSEPH&STACEY,http://chn.lottedfs.cn/kr/display/brand?dispShopNo=10009025
JOY GRYSON,http://chn.lottedfs.cn/kr/display/brand?dispShopNo=10006945
JSOOP Beauty,http://chn.lottedfs.cn/kr/display/brand?dispShopNo=10017031
JUICE TO CLEANSE,http://chn.lottedfs.cn/kr/display/brand?dispShopNo=10027303
JULIY & CALLA Fashion,http://chn.lottedfs.cn/kr/display/brand?dispShopNo=10025069
JUNGSAEMMOOL,http://chn.lottedfs.cn/kr/display/brand?dispShopNo=10008119
JUVIA JEWELLERY,http://chn.lottedfs.cn/kr/display/brand?dispShopNo=10003775
Jil Gyung Yi,http://chn.lottedfs.cn/kr/display/brand?dispShopNo=10009923
九朵云,http://chn.lottedfs.cn/kr/display/brand?dispShopNo=10002839
佳丽宝,http://chn.lottedfs.cn/kr/display/brand?dispShopNo=10003791
佳能,http://chn.lottedfs.cn/kr/display/brand?dispShopNo=10001247
佳能 INSPIC,http://chn.lottedfs.cn/kr/display/brand?dispShopNo=10025361
健安喜,http://chn.lottedfs.cn/kr/display/brand?dispShopNo=10002191
吉尔斯图尔斯 Bags & wallets,http://chn.lottedfs.cn/kr/display/brand?dispShopNo=10002695
吉尔斯图尔特,http://chn.lottedfs.cn/kr/display/brand?dispShopNo=10000306
姬斯汀,http://chn.lottedfs.cn/kr/display/brand?dispShopNo=10003407
娇兰,http://chn.lottedfs.cn/kr/display/brand?dispShopNo=10002271
娇韵诗,http://chn.lottedfs.cn/kr/display/brand?dispShopNo=10023850
捷波朗,http://chn.lottedfs.cn/kr/display/brand?dispShopNo=10020885
杰尼亚,http://chn.lottedfs.cn/kr/display/brand?dispShopNo=10000583
杰尼亚,http://chn.lottedfs.cn/kr/display/brand?dispShopNo=10000228
杰斯密丝,http://chn.lottedfs.cn/kr/display/brand?dispShopNo=10020541
橘滋,http://chn.lottedfs.cn/kr/display/brand?dispShopNo=10003759
江原道,http://chn.lottedfs.cn/kr/display/brand?dispShopNo=10003919
洁净,http://chn.lottedfs.cn/kr/display/brand?dispShopNo=10001431
精工表,http://chn.lottedfs.cn/kr/display/brand?dispShopNo=10003439
纪梵希,http://chn.lottedfs.cn/kr/display/brand?dispShopNo=10002174
金华,http://chn.lottedfs.cn/kr/display/brand?dispShopNo=10019148
金宝贝,http://chn.lottedfs.cn/kr/display/brand?dispShopNo=10002287
金正文芦荟 Beauty,http://chn.lottedfs.cn/kr/display/brand?dispShopNo=10018086
金缕梅,http://chn.lottedfs.cn/kr/display/brand?dispShopNo=10005095
CALVIN KLEIN,http://chn.lottedfs.cn/kr/display/brand?dispShopNo=10005730
KAKAO FRIENDS,http://chn.lottedfs.cn/kr/display/brand?dispShopNo=10008682
KANGOL,http://chn.lottedfs.cn/kr/display/brand?dispShopNo=10003799
KANGOL KIDS,http://chn.lottedfs.cn/kr/display/brand?dispShopNo=10025670
KANUDA,http://chn.lottedfs.cn/kr/display/brand?dispShopNo=10006961
KATE,http://chn.lottedfs.cn/kr/display/brand?dispShopNo=10003823
KIDS COS Kids,http://chn.lottedfs.cn/kr/display/brand?dispShopNo=10013926
KINDERSALMON,http://chn.lottedfs.cn/kr/display/brand?dispShopNo=10026875
KINKI ROBOT,http://chn.lottedfs.cn/kr/display/brand?dispShopNo=10016753
KIVULI,http://chn.lottedfs.cn/kr/display/brand?dispShopNo=10003879
KLEANTHOUS,http://chn.lottedfs.cn/kr/display/brand?dispShopNo=10021393
KLUG,http://chn.lottedfs.cn/kr/display/brand?dispShopNo=10021627
KNOT,http://chn.lottedfs.cn/kr/display/brand?dispShopNo=10011272
KOIZUMI,http://chn.lottedfs.cn/kr/display/brand?dispShopNo=10010594
KOLON SPORT,http://chn.lottedfs.cn/kr/display/brand?dispShopNo=10006993
KOREA GOLD,http://chn.lottedfs.cn/kr/display/brand?dispShopNo=10024038
KOREAN GIFT,http://chn.lottedfs.cn/kr/display/brand?dispShopNo=10010943
KRACIE,http://chn.lottedfs.cn/kr/display/brand?dispShopNo=10025884
KSUBI,http://chn.lottedfs.cn/kr/display/brand?dispShopNo=10003903
KUMO Beauty,http://chn.lottedfs.cn/kr/display/brand?dispShopNo=10020921
KUSUMI,http://chn.lottedfs.cn/kr/display/brand?dispShopNo=10007001
KWANI,http://chn.lottedfs.cn/kr/display/brand?dispShopNo=10008374
KYUSOKUJIKAN,http://chn.lottedfs.cn/kr/display/brand?dispShopNo=10010311
克利安,http://chn.lottedfs.cn/kr/display/brand?dispShopNo=10025725
克奈圃,http://chn.lottedfs.cn/kr/display/brand?dispShopNo=10025296
克拉优 Beauty,http://chn.lottedfs.cn/kr/display/brand?dispShopNo=10009732
克雷德,http://chn.lottedfs.cn/kr/display/brand?dispShopNo=10001519
凯伦沃克,http://chn.lottedfs.cn/kr/display/brand?dispShopNo=10003807
凯卓,http://chn.lottedfs.cn/kr/display/brand?dispShopNo=10000324
凯文奥库安,http://chn.lottedfs.cn/kr/display/brand?dispShopNo=10026326
凯浦林,http://chn.lottedfs.cn/kr/display/brand?dispShopNo=10003863
凯特丝蓓,http://chn.lottedfs.cn/kr/display/brand?dispShopNo=10025177
凯特凯利 Jewelry,http://chn.lottedfs.cn/kr/display/brand?dispShopNo=10011293
凯茜·琦丝敦 Bags & wallets,http://chn.lottedfs.cn/kr/display/brand?dispShopNo=10020201
卡兔妮,http://chn.lottedfs.cn/kr/display/brand?dispShopNo=10023396
卡尔·拉格斐尔德,http://chn.lottedfs.cn/kr/display/brand?dispShopNo=10003815
卡拉威,http://chn.lottedfs.cn/kr/display/brand?dispShopNo=10020566
卡纷,http://chn.lottedfs.cn/kr/display/brand?dispShopNo=10006713
卡西欧,http://chn.lottedfs.cn/kr/display/brand?dispShopNo=10001279
卡骆驰,http://chn.lottedfs.cn/kr/display/brand?dispShopNo=10019913
康斯登,http://chn.lottedfs.cn/kr/display/brand?dispShopNo=10002127
康维他,http://chn.lottedfs.cn/kr/display/brand?dispShopNo=10006745
昆仑表 Watches,http://chn.lottedfs.cn/kr/display/brand?dispShopNo=10026279
珂莱欧,http://chn.lottedfs.cn/kr/display/brand?dispShopNo=10001447
看步,http://chn.lottedfs.cn/kr/display/brand?dispShopNo=10008524
科莱丽,http://chn.lottedfs.cn/kr/display/brand?dispShopNo=10001415
科颜氏,http://chn.lottedfs.cn/kr/display/brand?dispShopNo=10011887
肌肤之钥,http://chn.lottedfs.cn/kr/display/brand?dispShopNo=10025895
蔻依,http://chn.lottedfs.cn/kr/display/brand?dispShopNo=10000126
蔻驰,http://chn.lottedfs.cn/kr/display/brand?dispShopNo=10000150
蔻驰,http://chn.lottedfs.cn/kr/display/brand?dispShopNo=10001463
酷仕客,http://chn.lottedfs.cn/kr/display/brand?dispShopNo=10019536
酷彩,http://chn.lottedfs.cn/kr/display/brand?dispShopNo=10020211
L-GA巧克力,http://chn.lottedfs.cn/kr/display/brand?dispShopNo=10003927
L.linic Digital,http://chn.lottedfs.cn/kr/display/brand?dispShopNo=10020303
L.linic,http://chn.lottedfs.cn/kr/display/brand?dispShopNo=10027478
LA MUSE Beauty,http://chn.lottedfs.cn/kr/display/brand?dispShopNo=10013902
LACOSTE LEATHER GOODS,http://chn.lottedfs.cn/kr/display/brand?dispShopNo=10008690
LACOSTE SHOES,http://chn.lottedfs.cn/kr/display/brand?dispShopNo=10007017
LACOUVEE Beauty,http://chn.lottedfs.cn/kr/display/brand?dispShopNo=10017591
LADOR,http://chn.lottedfs.cn/kr/display/brand?dispShopNo=10010729
LADUREE,http://chn.lottedfs.cn/kr/display/brand?dispShopNo=10009338
LAGOM,http://chn.lottedfs.cn/kr/display/brand?dispShopNo=10010415
LANG&LU,http://chn.lottedfs.cn/kr/display/brand?dispShopNo=10018003
LAPIZ SENSIBLE,http://chn.lottedfs.cn/kr/display/brand?dispShopNo=10003991
LAVIEN Beauty,http://chn.lottedfs.cn/kr/display/brand?dispShopNo=10017621
LE JOUR  Kids,http://chn.lottedfs.cn/kr/display/brand?dispShopNo=10017569
LE LABO,http://chn.lottedfs.cn/kr/display/brand?dispShopNo=10013548
LECHATELARD1802 Beauty,http://chn.lottedfs.cn/kr/display/brand?dispShopNo=10011824
LEEYOUNGAE Beauty,http://chn.lottedfs.cn/kr/display/brand?dispShopNo=10012375
LET HER MAKE-OVER  Home,http://chn.lottedfs.cn/kr/display/brand?dispShopNo=10017307
LETS SLIM,http://chn.lottedfs.cn/kr/display/brand?dispShopNo=10009514
LG PRA.L,http://chn.lottedfs.cn/kr/display/brand?dispShopNo=10020844
LIKALIKA,http://chn.lottedfs.cn/kr/display/brand?dispShopNo=10026010
LILY BYE RED,http://chn.lottedfs.cn/kr/display/brand?dispShopNo=10016614
LINDSAY,http://chn.lottedfs.cn/kr/display/brand?dispShopNo=10007037
LINE FRIENDS,http://chn.lottedfs.cn/kr/display/brand?dispShopNo=10025690
LIPAULT,http://chn.lottedfs.cn/kr/display/brand?dispShopNo=10004071
LITS,http://chn.lottedfs.cn/kr/display/brand?dispShopNo=10026369
LITTLEHOTDOGWATSON,http://chn.lottedfs.cn/kr/display/brand?dispShopNo=10013523
LOLLALAND,http://chn.lottedfs.cn/kr/display/brand?dispShopNo=10010832
LOUIE OOIE,http://chn.lottedfs.cn/kr/display/brand?dispShopNo=10026338
LOUIS QUATORZE,http://chn.lottedfs.cn/kr/display/brand?dispShopNo=10017469
LOVCAT,http://chn.lottedfs.cn/kr/display/brand?dispShopNo=10004167
LOVE ME MONSTER Jewelry,http://chn.lottedfs.cn/kr/display/brand?dispShopNo=10013752
LUCKY CHOUETTE,http://chn.lottedfs.cn/kr/display/brand?dispShopNo=10004175
LULULUN,http://chn.lottedfs.cn/kr/display/brand?dispShopNo=10010903
LUNA,http://chn.lottedfs.cn/kr/display/brand?dispShopNo=10008862
LUPIUM Beauty,http://chn.lottedfs.cn/kr/display/brand?dispShopNo=10025411
LUSH,http://chn.lottedfs.cn/kr/display/brand?dispShopNo=10004207
LYTT LABS,http://chn.lottedfs.cn/kr/display/brand?dispShopNo=10010927
Le Specs,http://chn.lottedfs.cn/kr/display/brand?dispShopNo=10004223
RANNCE  Beauty,http://chn.lottedfs.cn/kr/display/brand?dispShopNo=10016864
两班海苔,http://chn.lottedfs.cn/kr/display/brand?dispShopNo=10002759
丽得姿,http://chn.lottedfs.cn/kr/display/brand?dispShopNo=10004231
丽派朵,http://chn.lottedfs.cn/kr/display/brand?dispShopNo=10002951
丽珠兰,http://chn.lottedfs.cn/kr/display/brand?dispShopNo=10020531
乐敦 CC,http://chn.lottedfs.cn/kr/display/brand?dispShopNo=10024197
乐斯菲斯,http://chn.lottedfs.cn/kr/display/brand?dispShopNo=10005135
乐高,http://chn.lottedfs.cn/kr/display/brand?dispShopNo=10004015
乐高手表/LEGO WATCH,http://chn.lottedfs.cn/kr/display/brand?dispShopNo=10008706
兰欧媞,http://chn.lottedfs.cn/kr/display/brand?dispShopNo=10007009
兰芝,http://chn.lottedfs.cn/kr/display/brand?dispShopNo=10003975
兰蔻,http://chn.lottedfs.cn/kr/display/brand?dispShopNo=1230200
凌美,http://chn.lottedfs.cn/kr/display/brand?dispShopNo=10003959
利其尔,http://chn.lottedfs.cn/kr/display/brand?dispShopNo=10006513
利口乐,http://chn.lottedfs.cn/kr/display/brand?dispShopNo=10027353
利维肤,http://chn.lottedfs.cn/kr/display/brand?dispShopNo=10026359
力士保,http://chn.lottedfs.cn/kr/display/brand?dispShopNo=10004031
吕,http://chn.lottedfs.cn/kr/display/brand?dispShopNo=10003311
徕卡,http://chn.lottedfs.cn/kr/display/brand?dispShopNo=10007029
拉夫·劳伦香水,http://chn.lottedfs.cn/kr/display/brand?dispShopNo=10003039
朗仕化妆品,http://chn.lottedfs.cn/kr/display/brand?dispShopNo=10003951
李奥纳德(VETRINA),http://chn.lottedfs.cn/kr/display/brand?dispShopNo=10004023
洛丽塔,http://chn.lottedfs.cn/kr/display/brand?dispShopNo=10009749
浪凡,http://chn.lottedfs.cn/kr/display/brand?dispShopNo=10000353
浪琴,http://chn.lottedfs.cn/kr/display/brand?dispShopNo=10000575
珑骧,http://chn.lottedfs.cn/kr/display/brand?dispShopNo=10004135
珑骧 EYE,http://chn.lottedfs.cn/kr/display/brand?dispShopNo=10021026
理肤泉,http://chn.lottedfs.cn/kr/display/brand?dispShopNo=10013370
瑞克朵丝 Bags & wallets,http://chn.lottedfs.cn/kr/display/brand?dispShopNo=10004159
璐迪,http://chn.lottedfs.cn/kr/display/brand?dispShopNo=10003303
罗意威 Fragrances,http://chn.lottedfs.cn/kr/display/brand?dispShopNo=10021637
罗意威,http://chn.lottedfs.cn/kr/display/brand?dispShopNo=10004103
罗拉玛希,http://chn.lottedfs.cn/kr/display/brand?dispShopNo=10003999
罗斯蒙特,http://chn.lottedfs.cn/kr/display/brand?dispShopNo=10003278
芦丹氏,http://chn.lottedfs.cn/kr/display/brand?dispShopNo=10021016
苓康尔,http://chn.lottedfs.cn/kr/display/brand?dispShopNo=10023530
莱珀妮,http://chn.lottedfs.cn/kr/display/brand?dispShopNo=10012633
蓝旅/TRAVEL BLUE,http://chn.lottedfs.cn/kr/display/brand?dispShopNo=10008830
蕾蒂金,http://chn.lottedfs.cn/kr/display/brand?dispShopNo=10023819
蕾野香水,http://chn.lottedfs.cn/kr/display/brand?dispShopNo=10022092
陆心媛,http://chn.lottedfs.cn/kr/display/brand?dispShopNo=10005655
雷朋,http://chn.lottedfs.cn/kr/display/brand?dispShopNo=10003175
雷达,http://chn.lottedfs.cn/kr/display/brand?dispShopNo=10003151
露姬婷,http://chn.lottedfs.cn/kr/display/brand?dispShopNo=10019595
鲁美诺斯,http://chn.lottedfs.cn/kr/display/brand?dispShopNo=10004191
龙卡多,http://chn.lottedfs.cn/kr/display/brand?dispShopNo=10003263
MAXCLINIC,http://chn.lottedfs.cn/kr/display/brand?dispShopNo=10007061
MERBLISS,http://chn.lottedfs.cn/kr/display/brand?dispShopNo=10006353
MAC,http://chn.lottedfs.cn/kr/display/brand?dispShopNo=10010244
MADMARS,http://chn.lottedfs.cn/kr/display/brand?dispShopNo=10026489
MAEIL CORE PROTEIN,http://chn.lottedfs.cn/kr/display/brand?dispShopNo=10026294
MAKE ON,http://chn.lottedfs.cn/kr/display/brand?dispShopNo=10004271
MAKEHEAL Beauty,http://chn.lottedfs.cn/kr/display/brand?dispShopNo=10014882
MAMA CASAR Jewelry,http://chn.lottedfs.cn/kr/display/brand?dispShopNo=10020191
MAMACHI,http://chn.lottedfs.cn/kr/display/brand?dispShopNo=10004287
MAMBINO ORGANICS,http://chn.lottedfs.cn/kr/display/brand?dispShopNo=10004295
MANNYLONQ,http://chn.lottedfs.cn/kr/display/brand?dispShopNo=10026745
MANUELLA,http://chn.lottedfs.cn/kr/display/brand?dispShopNo=10012391
MARGESHERWOOD,http://chn.lottedfs.cn/kr/display/brand?dispShopNo=10011480
MARK&LONA,http://chn.lottedfs.cn/kr/display/brand?dispShopNo=10019393
MARRON EDITION,http://chn.lottedfs.cn/kr/display/brand?dispShopNo=10026885
MARTIDERM,http://chn.lottedfs.cn/kr/display/brand?dispShopNo=10007053
MARTINE SITBON,http://chn.lottedfs.cn/kr/display/brand?dispShopNo=10002719
MARVEL(EYE),http://chn.lottedfs.cn/kr/display/brand?dispShopNo=10008714
MATIAS,http://chn.lottedfs.cn/kr/display/brand?dispShopNo=10024424
MAYCOOP,http://chn.lottedfs.cn/kr/display/brand?dispShopNo=10004319
MCQ,http://chn.lottedfs.cn/kr/display/brand?dispShopNo=10015155
MDNA SKIN,http://chn.lottedfs.cn/kr/display/brand?dispShopNo=10011464
MEDI HEALLY,http://chn.lottedfs.cn/kr/display/brand?dispShopNo=10016659
MEDI-PEEL,http://chn.lottedfs.cn/kr/display/brand?dispShopNo=10004327
MEDICON,http://chn.lottedfs.cn/kr/display/brand?dispShopNo=10004335
MEDICUBE,http://chn.lottedfs.cn/kr/display/brand?dispShopNo=10009913
MEGATEN,http://chn.lottedfs.cn/kr/display/brand?dispShopNo=10009653
MELISSA,http://chn.lottedfs.cn/kr/display/brand?dispShopNo=10004359
MEMO,http://chn.lottedfs.cn/kr/display/brand?dispShopNo=10025905
MENS COLLECTION,http://chn.lottedfs.cn/kr/display/brand?dispShopNo=10004367
METABOLIC,http://chn.lottedfs.cn/kr/display/brand?dispShopNo=10018488
METROCITY,http://chn.lottedfs.cn/kr/display/brand?dispShopNo=10004375
METROCITY,http://chn.lottedfs.cn/kr/display/brand?dispShopNo=10017479
MIBA,http://chn.lottedfs.cn/kr/display/brand?dispShopNo=10015503
MIGUHARA Beauty,http://chn.lottedfs.cn/kr/display/brand?dispShopNo=10016768
MILIMETER Jewelry,http://chn.lottedfs.cn/kr/display/brand?dispShopNo=10013640
MILLION RED,http://chn.lottedfs.cn/kr/display/brand?dispShopNo=10026304
MILOGREM Fashion,http://chn.lottedfs.cn/kr/display/brand?dispShopNo=10025202
MILOMILO,http://chn.lottedfs.cn/kr/display/brand?dispShopNo=10006361
MILTON STELLE  Watches,http://chn.lottedfs.cn/kr/display/brand?dispShopNo=10004431
MILTON STELLE,http://chn.lottedfs.cn/kr/display/brand?dispShopNo=10008722
MINK ELEPANG,http://chn.lottedfs.cn/kr/display/brand?dispShopNo=10004439
MINKMUI,http://chn.lottedfs.cn/kr/display/brand?dispShopNo=10019750
MISAKI,http://chn.lottedfs.cn/kr/display/brand?dispShopNo=10004447
MISONG韩果,http://chn.lottedfs.cn/kr/display/brand?dispShopNo=10009068
MITTE Fashion,http://chn.lottedfs.cn/kr/display/brand?dispShopNo=10025583
MIZLINE,http://chn.lottedfs.cn/kr/display/brand?dispShopNo=10026725
MLB,http://chn.lottedfs.cn/kr/display/brand?dispShopNo=10006369
MLB KIDS,http://chn.lottedfs.cn/kr/display/brand?dispShopNo=10011518
MLB eyewear,http://chn.lottedfs.cn/kr/display/brand?dispShopNo=10023789
MO SPORTS,http://chn.lottedfs.cn/kr/display/brand?dispShopNo=10015011
MOGONE,http://chn.lottedfs.cn/kr/display/brand?dispShopNo=10008730
MONCHOUCHOU,http://chn.lottedfs.cn/kr/display/brand?dispShopNo=10025633
MONCLER,http://chn.lottedfs.cn/kr/display/brand?dispShopNo=10006385
MONGDIES,http://chn.lottedfs.cn/kr/display/brand?dispShopNo=10013312
MONICA VINADER,http://chn.lottedfs.cn/kr/display/brand?dispShopNo=10006393
MONTBRUN,http://chn.lottedfs.cn/kr/display/brand?dispShopNo=10027086
MOOSE KNUCKLES,http://chn.lottedfs.cn/kr/display/brand?dispShopNo=10009374
MOSH,http://chn.lottedfs.cn/kr/display/brand?dispShopNo=10024101
MOTIVE STREET Fashion,http://chn.lottedfs.cn/kr/display/brand?dispShopNo=10025222
MOTTE&BAILEY Beauty,http://chn.lottedfs.cn/kr/display/brand?dispShopNo=10017071
MOVEWARM,http://chn.lottedfs.cn/kr/display/brand?dispShopNo=10026895
MSGM,http://chn.lottedfs.cn/kr/display/brand?dispShopNo=10026976
MUCOTA,http://chn.lottedfs.cn/kr/display/brand?dispShopNo=10004559
MUH Beauty,http://chn.lottedfs.cn/kr/display/brand?dispShopNo=10009116
MULAWEAR,http://chn.lottedfs.cn/kr/display/brand?dispShopNo=10018551
MUTEMUSE,http://chn.lottedfs.cn/kr/display/brand?dispShopNo=10012857
MY NI,http://chn.lottedfs.cn/kr/display/brand?dispShopNo=10009864
MZUU,http://chn.lottedfs.cn/kr/display/brand?dispShopNo=10022606
Maison Francis Kurkdjian Paris,http://chn.lottedfs.cn/kr/display/brand?dispShopNo=10004591
Marie Claire,http://chn.lottedfs.cn/kr/display/brand?dispShopNo=10004599
Matchstick Monkey,http://chn.lottedfs.cn/kr/display/brand?dispShopNo=10010951
merbe,http://chn.lottedfs.cn/kr/display/brand?dispShopNo=10002927
名士,http://chn.lottedfs.cn/kr/display/brand?dispShopNo=10000599
妙思乐,http://chn.lottedfs.cn/kr/display/brand?dispShopNo=10020019
慕拉,http://chn.lottedfs.cn/kr/display/brand?dispShopNo=10023406
摩凡陀 Watches,http://chn.lottedfs.cn/kr/display/brand?dispShopNo=10009872
摩洛哥油,http://chn.lottedfs.cn/kr/display/brand?dispShopNo=10024333
明洞紫水晶,http://chn.lottedfs.cn/kr/display/brand?dispShopNo=10004255
曼秀雷敦 Beauty,http://chn.lottedfs.cn/kr/display/brand?dispShopNo=10027008
梅花表,http://chn.lottedfs.cn/kr/display/brand?dispShopNo=10005223
梦妆,http://chn.lottedfs.cn/kr/display/brand?dispShopNo=10006401
玫珂菲,http://chn.lottedfs.cn/kr/display/brand?dispShopNo=10004279
秘密时代 Beauty,http://chn.lottedfs.cn/kr/display/brand?dispShopNo=10025089
米索尼(VETRINA),http://chn.lottedfs.cn/kr/display/brand?dispShopNo=10004471
缪缪,http://chn.lottedfs.cn/kr/display/brand?dispShopNo=10000394
美体小铺,http://chn.lottedfs.cn/kr/display/brand?dispShopNo=10005103
美妆仙,http://chn.lottedfs.cn/kr/display/brand?dispShopNo=10004455
美娇适,http://chn.lottedfs.cn/kr/display/brand?dispShopNo=10021668
美度,http://chn.lottedfs.cn/kr/display/brand?dispShopNo=10004399
美旅,http://chn.lottedfs.cn/kr/display/brand?dispShopNo=10000711
美科富来,http://chn.lottedfs.cn/kr/display/brand?dispShopNo=10025483
美迪惠尔,http://chn.lottedfs.cn/kr/display/brand?dispShopNo=10004343
茂宜睛,http://chn.lottedfs.cn/kr/display/brand?dispShopNo=10024890
莫斯奇诺,http://chn.lottedfs.cn/kr/display/brand?dispShopNo=10004535
莫纳罗,http://chn.lottedfs.cn/kr/display/brand?dispShopNo=10002735
蔓秀莱施,http://chn.lottedfs.cn/kr/display/brand?dispShopNo=10004543
谜尚,http://chn.lottedfs.cn/kr/display/brand?dispShopNo=10004463
迈克高仕 Bags & wallets,http://chn.lottedfs.cn/kr/display/brand?dispShopNo=10019788
迈克高仕 Watches,http://chn.lottedfs.cn/kr/display/brand?dispShopNo=10020175
陌森,http://chn.lottedfs.cn/kr/display/brand?dispShopNo=10006377
马克·雅可布,http://chn.lottedfs.cn/kr/display/brand?dispShopNo=10000369
马汀博士,http://chn.lottedfs.cn/kr/display/brand?dispShopNo=10021617
魔女工厂,http://chn.lottedfs.cn/kr/display/brand?dispShopNo=10023643
麦丝玛拉,http://chn.lottedfs.cn/kr/display/brand?dispShopNo=10008438
N welth,http://chn.lottedfs.cn/kr/display/brand?dispShopNo=10019712
NACIFIC Beauty,http://chn.lottedfs.cn/kr/display/brand?dispShopNo=10017061
NADD VILLAGE,http://chn.lottedfs.cn/kr/display/brand?dispShopNo=10026925
NAILFRIENDS BONGBONG  Beauty,http://chn.lottedfs.cn/kr/display/brand?dispShopNo=10016719
NAIN Fashion,http://chn.lottedfs.cn/kr/display/brand?dispShopNo=10024539
NAPUP,http://chn.lottedfs.cn/kr/display/brand?dispShopNo=10017208
NARS,http://chn.lottedfs.cn/kr/display/brand?dispShopNo=10004631
NATIONAL GEOGRAPHIC,http://chn.lottedfs.cn/kr/display/brand?dispShopNo=10022485
NATRA CARE,http://chn.lottedfs.cn/kr/display/brand?dispShopNo=10012156
NATURE S FAMILY,http://chn.lottedfs.cn/kr/display/brand?dispShopNo=10004647
NATURE`S TOP,http://chn.lottedfs.cn/kr/display/brand?dispShopNo=10004655
NEARANDDEAR,http://chn.lottedfs.cn/kr/display/brand?dispShopNo=10025593
NEEPIEL,http://chn.lottedfs.cn/kr/display/brand?dispShopNo=10027313
NEOGEN Beauty,http://chn.lottedfs.cn/kr/display/brand?dispShopNo=10018170
NERDY,http://chn.lottedfs.cn/kr/display/brand?dispShopNo=10026499
NEWA,http://chn.lottedfs.cn/kr/display/brand?dispShopNo=10010013
NEWERA Fashion,http://chn.lottedfs.cn/kr/display/brand?dispShopNo=10026022
NINE WISHES Beauty,http://chn.lottedfs.cn/kr/display/brand?dispShopNo=10016600
NOMATTER,http://chn.lottedfs.cn/kr/display/brand?dispShopNo=10024464
NOODLE & BOO,http://chn.lottedfs.cn/kr/display/brand?dispShopNo=10004719
NOONOO FINGERS,http://chn.lottedfs.cn/kr/display/brand?dispShopNo=10021543
NT1,http://chn.lottedfs.cn/kr/display/brand?dispShopNo=10026477
NU PARCC Fashion,http://chn.lottedfs.cn/kr/display/brand?dispShopNo=10025603
NZORIGIN,http://chn.lottedfs.cn/kr/display/brand?dispShopNo=10012762
NuFACE Digital,http://chn.lottedfs.cn/kr/display/brand?dispShopNo=10023660
NutrioneLife,http://chn.lottedfs.cn/kr/display/brand?dispShopNo=10010638
尼康,http://chn.lottedfs.cn/kr/display/brand?dispShopNo=10004703
纳西索·罗德里格斯,http://chn.lottedfs.cn/kr/display/brand?dispShopNo=10004623
纽乐,http://chn.lottedfs.cn/kr/display/brand?dispShopNo=10025623
ENOR,http://chn.lottedfs.cn/kr/display/brand?dispShopNo=10026835
OCTAMINOX,http://chn.lottedfs.cn/kr/display/brand?dispShopNo=10020673
OGI Beauty,http://chn.lottedfs.cn/kr/display/brand?dispShopNo=10023939
"OH,SCENT!, Beauty",http://chn.lottedfs.cn/kr/display/brand?dispShopNo=10017294
OHORA,http://chn.lottedfs.cn/kr/display/brand?dispShopNo=10027504
OIOI,http://chn.lottedfs.cn/kr/display/brand?dispShopNo=10013744
OLEA,http://chn.lottedfs.cn/kr/display/brand?dispShopNo=10026258
OLIGODERMIE,http://chn.lottedfs.cn/kr/display/brand?dispShopNo=10020438
OLIVER PEOPLES,http://chn.lottedfs.cn/kr/display/brand?dispShopNo=10024895
ONANKOREA Digital,http://chn.lottedfs.cn/kr/display/brand?dispShopNo=10010711
OPTICAL W,http://chn.lottedfs.cn/kr/display/brand?dispShopNo=10004799
ORIBE,http://chn.lottedfs.cn/kr/display/brand?dispShopNo=10020111
ORIGIN-A,http://chn.lottedfs.cn/kr/display/brand?dispShopNo=10004855
ORTHOMOL,http://chn.lottedfs.cn/kr/display/brand?dispShopNo=10006417
ORYANY,http://chn.lottedfs.cn/kr/display/brand?dispShopNo=10004839
OSULLOC,http://chn.lottedfs.cn/kr/display/brand?dispShopNo=10004847
OTHERAND,http://chn.lottedfs.cn/kr/display/brand?dispShopNo=10026905
OVT,http://chn.lottedfs.cn/kr/display/brand?dispShopNo=10024434
Oh L Fashion,http://chn.lottedfs.cn/kr/display/brand?dispShopNo=10026138
Olivia Burton Watches,http://chn.lottedfs.cn/kr/display/brand?dispShopNo=10024156
UGB,http://chn.lottedfs.cn/kr/display/brand?dispShopNo=10006441
巴黎欧莱雅,http://chn.lottedfs.cn/kr/display/brand?dispShopNo=10012229
欧乐B,http://chn.lottedfs.cn/kr/display/brand?dispShopNo=10006425
欧克利,http://chn.lottedfs.cn/kr/display/brand?dispShopNo=10004759
欧姆龙,http://chn.lottedfs.cn/kr/display/brand?dispShopNo=10008738
欧树,http://chn.lottedfs.cn/kr/display/brand?dispShopNo=10004735
欧派,http://chn.lottedfs.cn/kr/display/brand?dispShopNo=10004791
欧珑,http://chn.lottedfs.cn/kr/display/brand?dispShopNo=10014786
欧缇丽,http://chn.lottedfs.cn/kr/display/brand?dispShopNo=10001303
欧舒丹,http://chn.lottedfs.cn/kr/display/brand?dispShopNo=10025443
欧蕙,http://chn.lottedfs.cn/kr/display/brand?dispShopNo=10004751
碧欧泉,http://chn.lottedfs.cn/kr/display/brand?dispShopNo=10012061
P-31,http://chn.lottedfs.cn/kr/display/brand?dispShopNo=10026715
PALLA,http://chn.lottedfs.cn/kr/display/brand?dispShopNo=10011840
PAPA RECIPE,http://chn.lottedfs.cn/kr/display/brand?dispShopNo=10004871
PASHMA,http://chn.lottedfs.cn/kr/display/brand?dispShopNo=10014827
PAUL & JOE (VETRINA),http://chn.lottedfs.cn/kr/display/brand?dispShopNo=10000422
PEACH.C Beauty,http://chn.lottedfs.cn/kr/display/brand?dispShopNo=10023510
PETIT ELIN,http://chn.lottedfs.cn/kr/display/brand?dispShopNo=10004903
PHANY Beauty,http://chn.lottedfs.cn/kr/display/brand?dispShopNo=10024176
PHILIPP PLEIN,http://chn.lottedfs.cn/kr/display/brand?dispShopNo=10004919
PHYTOMER,http://chn.lottedfs.cn/kr/display/brand?dispShopNo=10010959
PHYTONUTRI,http://chn.lottedfs.cn/kr/display/brand?dispShopNo=10020251
PICCASSO COLLEZIONI Beauty,http://chn.lottedfs.cn/kr/display/brand?dispShopNo=10025431
PITTA,http://chn.lottedfs.cn/kr/display/brand?dispShopNo=10019193
PLAYNOMORE,http://chn.lottedfs.cn/kr/display/brand?dispShopNo=10026915
PLEATSMAMA,http://chn.lottedfs.cn/kr/display/brand?dispShopNo=10020468
POGNAE,http://chn.lottedfs.cn/kr/display/brand?dispShopNo=10003023
POLA,http://chn.lottedfs.cn/kr/display/brand?dispShopNo=10013910
POLO RALPH LAUREN Fashion,http://chn.lottedfs.cn/kr/display/brand?dispShopNo=10011158
PONTE VECCHIO,http://chn.lottedfs.cn/kr/display/brand?dispShopNo=10006473
PONY EFFECT,http://chn.lottedfs.cn/kr/display/brand?dispShopNo=10003047
PORORO Kids,http://chn.lottedfs.cn/kr/display/brand?dispShopNo=10008970
PRADA,http://chn.lottedfs.cn/kr/display/brand?dispShopNo=10000446
PRETTYSKIN Beauty,http://chn.lottedfs.cn/kr/display/brand?dispShopNo=10027142
PRIMAGE,http://chn.lottedfs.cn/kr/display/brand?dispShopNo=10006481
PUPA,http://chn.lottedfs.cn/kr/display/brand?dispShopNo=10027333
PUTTISU Beauty,http://chn.lottedfs.cn/kr/display/brand?dispShopNo=10020051
Plus-Plus,http://chn.lottedfs.cn/kr/display/brand?dispShopNo=10003127
Pot de miel,http://chn.lottedfs.cn/kr/display/brand?dispShopNo=10003135
ROPEKA,http://chn.lottedfs.cn/kr/display/brand?dispShopNo=10003271
flapjacks,http://chn.lottedfs.cn/kr/display/brand?dispShopNo=10010839
保罗布莱尔 Jewelry,http://chn.lottedfs.cn/kr/display/brand?dispShopNo=10013666
帕妃雯,http://chn.lottedfs.cn/kr/display/brand?dispShopNo=10023192
帕尔玛之水,http://chn.lottedfs.cn/kr/display/brand?dispShopNo=10000631
扁康 率,http://chn.lottedfs.cn/kr/display/brand?dispShopNo=10006489
普若丝芙,http://chn.lottedfs.cn/kr/display/brand?dispShopNo=10023829
普莱默 Beauty,http://chn.lottedfs.cn/kr/display/brand?dispShopNo=10019965
普里斯,http://chn.lottedfs.cn/kr/display/brand?dispShopNo=10003031
派克,http://chn.lottedfs.cn/kr/display/brand?dispShopNo=10004879
潘多拉,http://chn.lottedfs.cn/kr/display/brand?dispShopNo=10004863
潘海利根,http://chn.lottedfs.cn/kr/display/brand?dispShopNo=10021348
潘通,http://chn.lottedfs.cn/kr/display/brand?dispShopNo=10026705
QEELIN,http://chn.lottedfs.cn/kr/display/brand?dispShopNo=10013811
乔治•阿玛尼,http://chn.lottedfs.cn/kr/display/brand?dispShopNo=10011056
倩碧,http://chn.lottedfs.cn/kr/display/brand?dispShopNo=10005996
奇士美,http://chn.lottedfs.cn/kr/display/brand?dispShopNo=10003871
泉湖食品,http://chn.lottedfs.cn/kr/display/brand?dispShopNo=10002831
清净园,http://chn.lottedfs.cn/kr/display/brand?dispShopNo=10020948
趣乐活,http://chn.lottedfs.cn/kr/display/brand?dispShopNo=10007125
RAEL,http://chn.lottedfs.cn/kr/display/brand?dispShopNo=10026000
RARITA Beauty,http://chn.lottedfs.cn/kr/display/brand?dispShopNo=10027097
RAUSCH,http://chn.lottedfs.cn/kr/display/brand?dispShopNo=10010399
RAWROW,http://chn.lottedfs.cn/kr/display/brand?dispShopNo=10019869
RAYDEL Grocery,http://chn.lottedfs.cn/kr/display/brand?dispShopNo=10008198
READY Q,http://chn.lottedfs.cn/kr/display/brand?dispShopNo=10003191
REAL TECHNIQUES,http://chn.lottedfs.cn/kr/display/brand?dispShopNo=10023446
RECIPE,http://chn.lottedfs.cn/kr/display/brand?dispShopNo=10008786
RECTO Fashion,http://chn.lottedfs.cn/kr/display/brand?dispShopNo=10027323
RED SEAL,http://chn.lottedfs.cn/kr/display/brand?dispShopNo=10006505
REFA,http://chn.lottedfs.cn/kr/display/brand?dispShopNo=10003199
RETRO SUPER FUTURE,http://chn.lottedfs.cn/kr/display/brand?dispShopNo=10003223
RICE,http://chn.lottedfs.cn/kr/display/brand?dispShopNo=10003231
RIDAZ,http://chn.lottedfs.cn/kr/display/brand?dispShopNo=10013531
RIDIBOOKS,http://chn.lottedfs.cn/kr/display/brand?dispShopNo=10020649
RITUALS,http://chn.lottedfs.cn/kr/display/brand?dispShopNo=10025980
RMK,http://chn.lottedfs.cn/kr/display/brand?dispShopNo=10003247
ROBERTA PIERI,http://chn.lottedfs.cn/kr/display/brand?dispShopNo=10003319
ROLAROLA Fashion,http://chn.lottedfs.cn/kr/display/brand?dispShopNo=10025141
ROMANTIC CROWN,http://chn.lottedfs.cn/kr/display/brand?dispShopNo=10021816
ROROBELL,http://chn.lottedfs.cn/kr/display/brand?dispShopNo=10026434
ROSA.K,http://chn.lottedfs.cn/kr/display/brand?dispShopNo=10008794
ROUND LAB Beauty,http://chn.lottedfs.cn/kr/display/brand?dispShopNo=10021036
ROUNDAROUND Beauty,http://chn.lottedfs.cn/kr/display/brand?dispShopNo=10020796
ROYAL,http://chn.lottedfs.cn/kr/display/brand?dispShopNo=10003287
ROYAL SKIN,http://chn.lottedfs.cn/kr/display/brand?dispShopNo=10003295
RUCIPELLO,http://chn.lottedfs.cn/kr/display/brand?dispShopNo=10006521
Re:NK Beauty,http://chn.lottedfs.cn/kr/display/brand?dispShopNo=10012865
TREE KOREA,http://chn.lottedfs.cn/kr/display/brand?dispShopNo=10008778
rouge&lounge,http://chn.lottedfs.cn/kr/display/brand?dispShopNo=10002959
日月晶采,http://chn.lottedfs.cn/kr/display/brand?dispShopNo=10004199
柔魅得 Beauty,http://chn.lottedfs.cn/kr/display/brand?dispShopNo=10023959
润膏,http://chn.lottedfs.cn/kr/display/brand?dispShopNo=10005663
然作 Beauty,http://chn.lottedfs.cn/kr/display/brand?dispShopNo=10027187
瑞士国铁表 Watches,http://chn.lottedfs.cn/kr/display/brand?dispShopNo=10010670
瑞士莲,http://chn.lottedfs.cn/kr/display/brand?dispShopNo=10004055
瑞思,http://chn.lottedfs.cn/kr/display/brand?dispShopNo=10014931
皇室胎盘素,http://chn.lottedfs.cn/kr/display/brand?dispShopNo=10018730
参大人,http://chn.lottedfs.cn/kr/display/brand?dispShopNo=10025990
16布兰德,http://chn.lottedfs.cn/kr/display/brand?dispShopNo=10010610
CHARACTER WORLD,http://chn.lottedfs.cn/kr/display/brand?dispShopNo=10006569
SAAT INSIGHT Beauty,http://chn.lottedfs.cn/kr/display/brand?dispShopNo=10017021
SABEMASSON,http://chn.lottedfs.cn/kr/display/brand?dispShopNo=10008802
SABON,http://chn.lottedfs.cn/kr/display/brand?dispShopNo=10025351
SALUA,http://chn.lottedfs.cn/kr/display/brand?dispShopNo=10011852
SALUS,http://chn.lottedfs.cn/kr/display/brand?dispShopNo=10003359
SAMANTHA THAVASA,http://chn.lottedfs.cn/kr/display/brand?dispShopNo=10006529
SAMO ONDOH,http://chn.lottedfs.cn/kr/display/brand?dispShopNo=10024373
SAMSUNG GOLD YOU Jewelry,http://chn.lottedfs.cn/kr/display/brand?dispShopNo=10026966
SANTA MARIA NOVELLA,http://chn.lottedfs.cn/kr/display/brand?dispShopNo=10020473
SATSUDORA,http://chn.lottedfs.cn/kr/display/brand?dispShopNo=10024230
SAVINI TARTUFI,http://chn.lottedfs.cn/kr/display/brand?dispShopNo=10013449
SECRETMUSE Beauty,http://chn.lottedfs.cn/kr/display/brand?dispShopNo=10025421
SEKANSKEEN,http://chn.lottedfs.cn/kr/display/brand?dispShopNo=10006537
SENSICA,http://chn.lottedfs.cn/kr/display/brand?dispShopNo=10019682
SEOUL SKY,http://chn.lottedfs.cn/kr/display/brand?dispShopNo=10010499
SERENDI BEAUTY Beauty,http://chn.lottedfs.cn/kr/display/brand?dispShopNo=10009076
SERIES,http://chn.lottedfs.cn/kr/display/brand?dispShopNo=10013328
SESDERMA,http://chn.lottedfs.cn/kr/display/brand?dispShopNo=10019809
SEVENFRIDAY,http://chn.lottedfs.cn/kr/display/brand?dispShopNo=10006545
SHANGPREE,http://chn.lottedfs.cn/kr/display/brand?dispShopNo=10006553
SHINJEO,http://chn.lottedfs.cn/kr/display/brand?dispShopNo=10023717
SHOWKINGPOD COLOR Beauty,http://chn.lottedfs.cn/kr/display/brand?dispShopNo=10017898
SHOYO,http://chn.lottedfs.cn/kr/display/brand?dispShopNo=10025946
SILK N,http://chn.lottedfs.cn/kr/display/brand?dispShopNo=10008810
SILLYMANN,http://chn.lottedfs.cn/kr/display/brand?dispShopNo=10006561
SINGULADERM Beauty,http://chn.lottedfs.cn/kr/display/brand?dispShopNo=10015483
SISLEY,http://chn.lottedfs.cn/kr/display/brand?dispShopNo=10013809
SIXPAD,http://chn.lottedfs.cn/kr/display/brand?dispShopNo=10003495
SK-II,http://chn.lottedfs.cn/kr/display/brand?dispShopNo=10011519
SKINATURE,http://chn.lottedfs.cn/kr/display/brand?dispShopNo=10003543
SKINNY LAB,http://chn.lottedfs.cn/kr/display/brand?dispShopNo=10023147
SK百朗德,http://chn.lottedfs.cn/kr/display/brand?dispShopNo=10025253
SLEEPYSLIP Fashion,http://chn.lottedfs.cn/kr/display/brand?dispShopNo=10024529
SLIM9 Fashion,http://chn.lottedfs.cn/kr/display/brand?dispShopNo=10019408
SMIGGLE,http://chn.lottedfs.cn/kr/display/brand?dispShopNo=10026175
SNIFF,http://chn.lottedfs.cn/kr/display/brand?dispShopNo=10003567
SNP,http://chn.lottedfs.cn/kr/display/brand?dispShopNo=10003575
SODAMON,http://chn.lottedfs.cn/kr/display/brand?dispShopNo=10006577
SOLGAR,http://chn.lottedfs.cn/kr/display/brand?dispShopNo=10003583
SONATURAL Beauty,http://chn.lottedfs.cn/kr/display/brand?dispShopNo=10024313
SOON SOO JA A Kids,http://chn.lottedfs.cn/kr/display/brand?dispShopNo=10017557
SORBEBE,http://chn.lottedfs.cn/kr/display/brand?dispShopNo=10006585
SOSOOPL,http://chn.lottedfs.cn/kr/display/brand?dispShopNo=10022584
SP-68,http://chn.lottedfs.cn/kr/display/brand?dispShopNo=10006633
SPA TREATMENT,http://chn.lottedfs.cn/kr/display/brand?dispShopNo=10008885
SPACE42,http://chn.lottedfs.cn/kr/display/brand?dispShopNo=10026064
SPANX,http://chn.lottedfs.cn/kr/display/brand?dispShopNo=10012523
SPITZE Beauty,http://chn.lottedfs.cn/kr/display/brand?dispShopNo=10027117
SPLASH,http://chn.lottedfs.cn/kr/display/brand?dispShopNo=10024384
SPLENDIE,http://chn.lottedfs.cn/kr/display/brand?dispShopNo=10003631
SRIXON,http://chn.lottedfs.cn/kr/display/brand?dispShopNo=10003639
STEPHANE CHRISTIAN,http://chn.lottedfs.cn/kr/display/brand?dispShopNo=10003663
STEPHEN JOSEPH,http://chn.lottedfs.cn/kr/display/brand?dispShopNo=10005023
STRETCH ANGELS,http://chn.lottedfs.cn/kr/display/brand?dispShopNo=10017228
STUART WEITZMAN,http://chn.lottedfs.cn/kr/display/brand?dispShopNo=10009346
SUAVELAMAN,http://chn.lottedfs.cn/kr/display/brand?dispShopNo=10019546
SUAVINEX,http://chn.lottedfs.cn/kr/display/brand?dispShopNo=10003695
SUECOMMA BONNIE,http://chn.lottedfs.cn/kr/display/brand?dispShopNo=10006625
SUISAI,http://chn.lottedfs.cn/kr/display/brand?dispShopNo=10017449
SUNNYLIFE,http://chn.lottedfs.cn/kr/display/brand?dispShopNo=10020958
SUQQU,http://chn.lottedfs.cn/kr/display/brand?dispShopNo=10006649
SUREPI Beauty,http://chn.lottedfs.cn/kr/display/brand?dispShopNo=10025968
SURFEA,http://chn.lottedfs.cn/kr/display/brand?dispShopNo=10013179
SVELTY Grocery,http://chn.lottedfs.cn/kr/display/brand?dispShopNo=10018773
SWADDLE DESIGN,http://chn.lottedfs.cn/kr/display/brand?dispShopNo=10004975
SWANICOCO,http://chn.lottedfs.cn/kr/display/brand?dispShopNo=10006665
SWIB,http://chn.lottedfs.cn/kr/display/brand?dispShopNo=10012406
SYSPANG,http://chn.lottedfs.cn/kr/display/brand?dispShopNo=10020933
Sorry Too Much Love Fashion,http://chn.lottedfs.cn/kr/display/brand?dispShopNo=10025168
Spaghetti Headz,http://chn.lottedfs.cn/kr/display/brand?dispShopNo=10005015
​​施华洛世奇,http://chn.lottedfs.cn/kr/display/brand?dispShopNo=10004983
三宅一生,http://chn.lottedfs.cn/kr/display/brand?dispShopNo=10002607
三星,http://chn.lottedfs.cn/kr/display/brand?dispShopNo=10003391
丝翎,http://chn.lottedfs.cn/kr/display/brand?dispShopNo=10020875
双立人,http://chn.lottedfs.cn/kr/display/brand?dispShopNo=10002391
善存,http://chn.lottedfs.cn/kr/display/brand?dispShopNo=10019692
圣诺,http://chn.lottedfs.cn/kr/display/brand?dispShopNo=10001343
娴妮 Beauty,http://chn.lottedfs.cn/kr/display/brand?dispShopNo=10012185
思蒂,http://chn.lottedfs.cn/kr/display/brand?dispShopNo=10006601
斯凯奇,http://chn.lottedfs.cn/kr/display/brand?dispShopNo=10023436
斯卡恩,http://chn.lottedfs.cn/kr/display/brand?dispShopNo=10003511
斯沃琪,http://chn.lottedfs.cn/kr/display/brand?dispShopNo=10004991
斯通亨奇,http://chn.lottedfs.cn/kr/display/brand?dispShopNo=10003679
施华洛世奇 EYE,http://chn.lottedfs.cn/kr/display/brand?dispShopNo=10020221
施巴,http://chn.lottedfs.cn/kr/display/brand?dispShopNo=10003415
松下,http://chn.lottedfs.cn/kr/display/brand?dispShopNo=10003087
松刚堂,http://chn.lottedfs.cn/kr/display/brand?dispShopNo=10003599
森海塞尔,http://chn.lottedfs.cn/kr/display/brand?dispShopNo=10023899
森特莲24 Beauty,http://chn.lottedfs.cn/kr/display/brand?dispShopNo=10010058
狮王,http://chn.lottedfs.cn/kr/display/brand?dispShopNo=10021911
素姬,http://chn.lottedfs.cn/kr/display/brand?dispShopNo=10003703
索尼,http://chn.lottedfs.cn/kr/display/brand?dispShopNo=10003607
索尼亚·里基尔,http://chn.lottedfs.cn/kr/display/brand?dispShopNo=10024885
膳魔师,http://chn.lottedfs.cn/kr/display/brand?dispShopNo=10005175
苏秘37˚,http://chn.lottedfs.cn/kr/display/brand?dispShopNo=10004959
莎柏蜜 Beauty,http://chn.lottedfs.cn/kr/display/brand?dispShopNo=10022544
莎润得佩 Beauty,http://chn.lottedfs.cn/kr/display/brand?dispShopNo=10023981
诗狄娜,http://chn.lottedfs.cn/kr/display/brand?dispShopNo=10003671
赛琳（眼镜）,http://chn.lottedfs.cn/kr/display/brand?dispShopNo=10001319
颂拓,http://chn.lottedfs.cn/kr/display/brand?dispShopNo=10006657
3SPORUTS,http://chn.lottedfs.cn/kr/display/brand?dispShopNo=10009707
TALLI,http://chn.lottedfs.cn/kr/display/brand?dispShopNo=10012028
TANKI S FAMILY,http://chn.lottedfs.cn/kr/display/brand?dispShopNo=10007093
TEA FORTE,http://chn.lottedfs.cn/kr/display/brand?dispShopNo=10005071
THE BEAUTOOLS,http://chn.lottedfs.cn/kr/display/brand?dispShopNo=10019576
THE DIFFERENT COMPANY,http://chn.lottedfs.cn/kr/display/brand?dispShopNo=10019168
THE OOZOO,http://chn.lottedfs.cn/kr/display/brand?dispShopNo=10005151
THE TOOL LAB,http://chn.lottedfs.cn/kr/display/brand?dispShopNo=10010562
THERRSEVEN,http://chn.lottedfs.cn/kr/display/brand?dispShopNo=10003751
THREE,http://chn.lottedfs.cn/kr/display/brand?dispShopNo=10007109
THREE KNOCKS,http://chn.lottedfs.cn/kr/display/brand?dispShopNo=10024454
TIP TOEY JOEY,http://chn.lottedfs.cn/kr/display/brand?dispShopNo=10013539
TOMMY HILFIGER,http://chn.lottedfs.cn/kr/display/brand?dispShopNo=10014817
TOO FACED,http://chn.lottedfs.cn/kr/display/brand?dispShopNo=10013276
TRADITIONAL FOOD,http://chn.lottedfs.cn/kr/display/brand?dispShopNo=10025958
TRAVELMATE,http://chn.lottedfs.cn/kr/display/brand?dispShopNo=10026269
TRIA,http://chn.lottedfs.cn/kr/display/brand?dispShopNo=10007117
TRIGENCO,http://chn.lottedfs.cn/kr/display/brand?dispShopNo=10005295
TRIPOLLAR,http://chn.lottedfs.cn/kr/display/brand?dispShopNo=10014535
TRIWA,http://chn.lottedfs.cn/kr/display/brand?dispShopNo=10008838
TRUDON,http://chn.lottedfs.cn/kr/display/brand?dispShopNo=10026165
TUSA,http://chn.lottedfs.cn/kr/display/brand?dispShopNo=10013465
TWG TEA,http://chn.lottedfs.cn/kr/display/brand?dispShopNo=10005327
The Kstory Fashion,http://chn.lottedfs.cn/kr/display/brand?dispShopNo=10025613
Trois rois Jewelry,http://chn.lottedfs.cn/kr/display/brand?dispShopNo=10009889
too cool for school,http://chn.lottedfs.cn/kr/display/brand?dispShopNo=10005279
唐可娜儿 Fragrances,http://chn.lottedfs.cn/kr/display/brand?dispShopNo=10008610
唐可娜儿 Watches,http://chn.lottedfs.cn/kr/display/brand?dispShopNo=10008602
塔莉卡,http://chn.lottedfs.cn/kr/display/brand?dispShopNo=10005055
塔蒂亚娜 Jewelry,http://chn.lottedfs.cn/kr/display/brand?dispShopNo=10011301
天梭,http://chn.lottedfs.cn/kr/display/brand?dispShopNo=10005215
天空湖水,http://chn.lottedfs.cn/kr/display/brand?dispShopNo=10002975
媞乐媞乐 Beauty,http://chn.lottedfs.cn/kr/display/brand?dispShopNo=10024291
庭润,http://chn.lottedfs.cn/kr/display/brand?dispShopNo=10005079
彤人秘,http://chn.lottedfs.cn/kr/display/brand?dispShopNo=10001727
托尼魅力,http://chn.lottedfs.cn/kr/display/brand?dispShopNo=10005271
拓意卡,http://chn.lottedfs.cn/kr/display/brand?dispShopNo=10005303
汤丽柏琦 Watches,http://chn.lottedfs.cn/kr/display/brand?dispShopNo=10013490
汤姆·福特,http://chn.lottedfs.cn/kr/display/brand?dispShopNo=10006036
汤姆·福特 Eyewear,http://chn.lottedfs.cn/kr/display/brand?dispShopNo=10008900
汤米·希尔费格 Fragrances,http://chn.lottedfs.cn/kr/display/brand?dispShopNo=10005263
汤米•希尔费格 Watches,http://chn.lottedfs.cn/kr/display/brand?dispShopNo=10020405
泰斯康,http://chn.lottedfs.cn/kr/display/brand?dispShopNo=10023993
泰格豪雅,http://chn.lottedfs.cn/kr/display/brand?dispShopNo=10000607
诗佳秀,http://chn.lottedfs.cn/kr/display/brand?dispShopNo=10005335
途明,http://chn.lottedfs.cn/kr/display/brand?dispShopNo=10005319
UBMOM,http://chn.lottedfs.cn/kr/display/brand?dispShopNo=10026225
UGG,http://chn.lottedfs.cn/kr/display/brand?dispShopNo=10005351
UHA Gummy supple Grocery,http://chn.lottedfs.cn/kr/display/brand?dispShopNo=10017676
ULOS,http://chn.lottedfs.cn/kr/display/brand?dispShopNo=10005359
ULTRA V Beauty,http://chn.lottedfs.cn/kr/display/brand?dispShopNo=10013126
UNDER ARMOUR,http://chn.lottedfs.cn/kr/display/brand?dispShopNo=10014807
UNIQUEMI,http://chn.lottedfs.cn/kr/display/brand?dispShopNo=10022596
UNIX,http://chn.lottedfs.cn/kr/display/brand?dispShopNo=10005375
UNNYCLUB Beauty,http://chn.lottedfs.cn/kr/display/brand?dispShopNo=10018796
衰败城市,http://chn.lottedfs.cn/kr/display/brand?dispShopNo=10012951
VANT36.5,http://chn.lottedfs.cn/kr/display/brand?dispShopNo=10005447
VAUZEN,http://chn.lottedfs.cn/kr/display/brand?dispShopNo=10025751
VDL,http://chn.lottedfs.cn/kr/display/brand?dispShopNo=10005463
VEDI VERO Eyewear,http://chn.lottedfs.cn/kr/display/brand?dispShopNo=10012383
VERRIS,http://chn.lottedfs.cn/kr/display/brand?dispShopNo=10005495
VERUTUM,http://chn.lottedfs.cn/kr/display/brand?dispShopNo=10012547
VERYMOM Beauty,http://chn.lottedfs.cn/kr/display/brand?dispShopNo=10013728
VICTRIX(VETRINA),http://chn.lottedfs.cn/kr/display/brand?dispShopNo=10005519
VIDIVICI,http://chn.lottedfs.cn/kr/display/brand?dispShopNo=10005527
VISEE,http://chn.lottedfs.cn/kr/display/brand?dispShopNo=10019556
VITABRID Beauty,http://chn.lottedfs.cn/kr/display/brand?dispShopNo=10015129
VITALBEAUTIE,http://chn.lottedfs.cn/kr/display/brand?dispShopNo=10019943
VLEEDA Fashion,http://chn.lottedfs.cn/kr/display/brand?dispShopNo=10025052
VODANA,http://chn.lottedfs.cn/kr/display/brand?dispShopNo=10010041
VOICE CADDIE,http://chn.lottedfs.cn/kr/display/brand?dispShopNo=10005559
VPROVE,http://chn.lottedfs.cn/kr/display/brand?dispShopNo=10007157
VT COSMETICS,http://chn.lottedfs.cn/kr/display/brand?dispShopNo=10008248
VUNQUE,http://chn.lottedfs.cn/kr/display/brand?dispShopNo=10019178
VVC,http://chn.lottedfs.cn/kr/display/brand?dispShopNo=10020590
VallenTInoRudy,http://chn.lottedfs.cn/kr/display/brand?dispShopNo=10005431
vanav,http://chn.lottedfs.cn/kr/display/brand?dispShopNo=10010081
W.Lab,http://chn.lottedfs.cn/kr/display/brand?dispShopNo=10005583
WAKE MAKE Beauty,http://chn.lottedfs.cn/kr/display/brand?dispShopNo=10017218
WANNA ONE,http://chn.lottedfs.cn/kr/display/brand?dispShopNo=10014581
WATCHITUDE,http://chn.lottedfs.cn/kr/display/brand?dispShopNo=10013547
WEEKLY LAB Grocery,http://chn.lottedfs.cn/kr/display/brand?dispShopNo=10024353
WEST ISLAND Jewelry,http://chn.lottedfs.cn/kr/display/brand?dispShopNo=10016581
WETTRUST,http://chn.lottedfs.cn/kr/display/brand?dispShopNo=10022519
WHAL MYUNG Beauty,http://chn.lottedfs.cn/kr/display/brand?dispShopNo=10017258
WHEN,http://chn.lottedfs.cn/kr/display/brand?dispShopNo=10010407
WHITE SANDS,http://chn.lottedfs.cn/kr/display/brand?dispShopNo=10013674
WINNER SPIRIT,http://chn.lottedfs.cn/kr/display/brand?dispShopNo=10026519
WONDER BATH,http://chn.lottedfs.cn/kr/display/brand?dispShopNo=10010618
WONDER TREND Beauty,http://chn.lottedfs.cn/kr/display/brand?dispShopNo=10027536
WONJIN EFFECT,http://chn.lottedfs.cn/kr/display/brand?dispShopNo=10007165
whittlestore,http://chn.lottedfs.cn/kr/display/brand?dispShopNo=10022937
万宝龙,http://chn.lottedfs.cn/kr/display/brand?dispShopNo=10000409
唯拉珠,http://chn.lottedfs.cn/kr/display/brand?dispShopNo=10020900
威迪文,http://chn.lottedfs.cn/kr/display/brand?dispShopNo=10005591
微之魅,http://chn.lottedfs.cn/kr/display/brand?dispShopNo=10007133
沃尔夫冈,http://chn.lottedfs.cn/kr/display/brand?dispShopNo=10001191
维多利亚的秘密,http://chn.lottedfs.cn/kr/display/brand?dispShopNo=10006201
维果罗夫,http://chn.lottedfs.cn/kr/display/brand?dispShopNo=10005535
维氏瑞士军刀 Watches,http://chn.lottedfs.cn/kr/display/brand?dispShopNo=10023229
维维安·韦斯特伍德,http://chn.lottedfs.cn/kr/display/brand?dispShopNo=10000494
薇姿,http://chn.lottedfs.cn/kr/display/brand?dispShopNo=10013579
XOUL,http://chn.lottedfs.cn/kr/display/brand?dispShopNo=10020241
XYZ Beauty,http://chn.lottedfs.cn/kr/display/brand?dispShopNo=10018407
仙丽施,http://chn.lottedfs.cn/kr/display/brand?dispShopNo=10001327
夏威夷坚果巧克力,http://chn.lottedfs.cn/kr/display/brand?dispShopNo=10002503
小米,http://chn.lottedfs.cn/kr/display/brand?dispShopNo=10013720
希思黎,http://chn.lottedfs.cn/kr/display/brand?dispShopNo=10003487
希恩派,http://chn.lottedfs.cn/kr/display/brand?dispShopNo=10001455
新百伦 Fashion,http://chn.lottedfs.cn/kr/display/brand?dispShopNo=10004687
新秀丽,http://chn.lottedfs.cn/kr/display/brand?dispShopNo=10003383
皙俪思,http://chn.lottedfs.cn/kr/display/brand?dispShopNo=10022564
秀肤生,http://chn.lottedfs.cn/kr/display/brand?dispShopNo=10001543
秀雅韩,http://chn.lottedfs.cn/kr/display/brand?dispShopNo=10003615
萧邦,http://chn.lottedfs.cn/kr/display/brand?dispShopNo=10022505
西铁城,http://chn.lottedfs.cn/kr/display/brand?dispShopNo=10001399
象印,http://chn.lottedfs.cn/kr/display/brand?dispShopNo=10002799
雪花秀,http://chn.lottedfs.cn/kr/display/brand?dispShopNo=10004951
香奈儿,http://chn.lottedfs.cn/kr/display/brand?dispShopNo=1230787
香缇卡,http://chn.lottedfs.cn/kr/display/brand?dispShopNo=10006721
PHOENIX GINSENG,http://chn.lottedfs.cn/kr/display/brand?dispShopNo=10002543
YAMAN,http://chn.lottedfs.cn/kr/display/brand?dispShopNo=10009506
YEOWOO HWAJANGDAE Beauty,http://chn.lottedfs.cn/kr/display/brand?dispShopNo=10017119
YEUNWOO,http://chn.lottedfs.cn/kr/display/brand?dispShopNo=10005631
YONKA,http://chn.lottedfs.cn/kr/display/brand?dispShopNo=10005639
YURICA,http://chn.lottedfs.cn/kr/display/brand?dispShopNo=10027444
Your Name Here Fashion,http://chn.lottedfs.cn/kr/display/brand?dispShopNo=10027036
伊丽莎白雅顿,http://chn.lottedfs.cn/kr/display/brand?dispShopNo=10001919
伊夫圣罗兰,http://chn.lottedfs.cn/kr/display/brand?dispShopNo=10000509
伊思,http://chn.lottedfs.cn/kr/display/brand?dispShopNo=10002631
伊所爱,http://chn.lottedfs.cn/kr/display/brand?dispShopNo=10002911
伊索,http://chn.lottedfs.cn/kr/display/brand?dispShopNo=10000647
伊芙兰,http://chn.lottedfs.cn/kr/display/brand?dispShopNo=10019652
伊菲丹,http://chn.lottedfs.cn/kr/display/brand?dispShopNo=10019618
伊蒂之屋,http://chn.lottedfs.cn/kr/display/brand?dispShopNo=10001983
伊诗贝格,http://chn.lottedfs.cn/kr/display/brand?dispShopNo=10026450
伊诺姿,http://chn.lottedfs.cn/kr/display/brand?dispShopNo=10002591
优佳,http://chn.lottedfs.cn/kr/display/brand?dispShopNo=10019819
优资婷 Beauty,http://chn.lottedfs.cn/kr/display/brand?dispShopNo=10026399
依帕内玛,http://chn.lottedfs.cn/kr/display/brand?dispShopNo=10022312
依泉,http://chn.lottedfs.cn/kr/display/brand?dispShopNo=10005407
勇克士,http://chn.lottedfs.cn/kr/display/brand?dispShopNo=10008264
幽兰一品,http://chn.lottedfs.cn/kr/display/brand?dispShopNo=10008214
怡丽丝尔,http://chn.lottedfs.cn/kr/display/brand?dispShopNo=10023307
怡奥恩,http://chn.lottedfs.cn/kr/display/brand?dispShopNo=10020128
怡思丁,http://chn.lottedfs.cn/kr/display/brand?dispShopNo=10025306
悦木之源,http://chn.lottedfs.cn/kr/display/brand?dispShopNo=10004815
悦碧施,http://chn.lottedfs.cn/kr/display/brand?dispShopNo=10020007
悦诗风吟,http://chn.lottedfs.cn/kr/display/brand?dispShopNo=10002903
意大利鸳鸯,http://chn.lottedfs.cn/kr/display/brand?dispShopNo=10004303
扬基蜡烛,http://chn.lottedfs.cn/kr/display/brand?dispShopNo=10005623
氧丽可丝,http://chn.lottedfs.cn/kr/display/brand?dispShopNo=10019953
约翰·瓦维托斯,http://chn.lottedfs.cn/kr/display/brand?dispShopNo=10003743
英格索尔,http://chn.lottedfs.cn/kr/display/brand?dispShopNo=10002551
茵葩兰,http://chn.lottedfs.cn/kr/display/brand?dispShopNo=10001951
雅柏,http://chn.lottedfs.cn/kr/display/brand?dispShopNo=10000687
雅漾,http://chn.lottedfs.cn/kr/display/brand?dispShopNo=10000839
雅男士,http://chn.lottedfs.cn/kr/display/brand?dispShopNo=10000783
雅诗兰黛,http://chn.lottedfs.cn/kr/display/brand?dispShopNo=10006031
雨果波士,http://chn.lottedfs.cn/kr/display/brand?dispShopNo=10000293
JW中外制药,http://chn.lottedfs.cn/kr/display/brand?dispShopNo=10009498
ZADIG&VOTAIRE  Eyewear,http://chn.lottedfs.cn/kr/display/brand?dispShopNo=10002775
ZASPERO,http://chn.lottedfs.cn/kr/display/brand?dispShopNo=10002791
ZAXY,http://chn.lottedfs.cn/kr/display/brand?dispShopNo=10019724
ZELENS,http://chn.lottedfs.cn/kr/display/brand?dispShopNo=10024003
ZERO STREET Fashion,http://chn.lottedfs.cn/kr/display/brand?dispShopNo=10026148
ZIAJA,http://chn.lottedfs.cn/kr/display/brand?dispShopNo=10009949
周仰杰,http://chn.lottedfs.cn/kr/display/brand?dispShopNo=10003710
周大福 Jewelry,http://chn.lottedfs.cn/kr/display/brand?dispShopNo=10020320
姿泊兰伊,http://chn.lottedfs.cn/kr/display/brand?dispShopNo=10008300
植村秀,http://chn.lottedfs.cn/kr/display/brand?dispShopNo=10011167
正官庄,http://chn.lottedfs.cn/kr/display/brand?dispShopNo=10001551
珍碧嘉,http://chn.lottedfs.cn/kr/display/brand?dispShopNo=10002687
祖·玛珑,http://chn.lottedfs.cn/kr/display/brand?dispShopNo=10011556
紫水晶,http://chn.lottedfs.cn/kr/display/brand?dispShopNo=10001807
自然乐园,http://chn.lottedfs.cn/kr/display/brand?dispShopNo=10004639
自然博士,http://chn.lottedfs.cn/kr/display/brand?dispShopNo=10001847
自然哲理,http://chn.lottedfs.cn/kr/display/brand?dispShopNo=10004935
自颜源露,http://chn.lottedfs.cn/kr/display/brand?dispShopNo=10001655
茱莉蔻,http://chn.lottedfs.cn/kr/display/brand?dispShopNo=10003767
资生堂,http://chn.lottedfs.cn/kr/display/brand?dispShopNo=10003455
100BON,http://chn.lottedfs.cn/kr/display/brand?dispShopNo=10008404
3CE,http://chn.lottedfs.cn/kr/display/brand?dispShopNo=10000615
