product_No,brand_name,product_name,img_url,us_price
20000636634,维多利亚的秘密,DREAM ANGELS CHEEKINI 内裤 GREY M,http://static.lottedfs.cn/prod/prd-img/56/59/78/00/00/02/20000785956_1.JPG,$4
20000636625,维多利亚的秘密,VS NOVELTY CHEEKY BLUE 内裤 S,http://static.lottedfs.cn/prod/prd-img/47/59/78/00/00/02/20000785947_1.JPG,$4
20000636323,维多利亚的秘密,NOVELTY CHEEKY 内裤 ORANGE M,http://static.lottedfs.cn/prod/prd-img/14/56/78/00/00/02/20000785614_1.JPG,$4
20000636508,维多利亚的秘密,DREAM ANGELS THONG WHITE 内裤 S,http://static.lottedfs.cn/prod/prd-img/23/58/78/00/00/02/20000785823_1.JPG,$4
20000636635,维多利亚的秘密,NOVELTY CHEEKY 内裤 BLUE M,http://static.lottedfs.cn/prod/prd-img/57/59/78/00/00/02/20000785957_1.JPG,$4
20000636600,维多利亚的秘密,VS NOVELTY CHEEKY BLUE 内裤 S,http://static.lottedfs.cn/prod/prd-img/22/59/78/00/00/02/20000785922_1.JPG,$4
20000636406,维多利亚的秘密,NOVELTY CHEEKY 内裤 BLUE M,http://static.lottedfs.cn/prod/prd-img/04/57/78/00/00/02/20000785704_1.JPG,$4
20000539763,维多利亚的秘密,NOVELTY CHEEKY RED 内裤 S,http://static.lottedfs.cn/prod/prd-img/59/67/62/00/00/02/20000626759_6.JPG,$4
20000636613,维多利亚的秘密,VS DREAM ANGELS CHEEKINI PINK 内裤 S,http://static.lottedfs.cn/prod/prd-img/35/59/78/00/00/02/20000785935_1.JPG,$4
20000636244,维多利亚的秘密,VS NOVELTY CHEEKY DARK PINK 内裤 S,http://static.lottedfs.cn/prod/prd-img/28/55/78/00/00/02/20000785528_7.JPG,$4
20000636170,维多利亚的秘密,COTTON BIKINI PURPLE 内裤 M,http://static.lottedfs.cn/prod/prd-img/44/54/78/00/00/02/20000785444_1.JPG,$3
20000636513,维多利亚的秘密,DREAM ANGELS THONG WHITE 内裤 M,http://static.lottedfs.cn/prod/prd-img/28/58/78/00/00/02/20000785828_1.JPG,$4
20000636510,维多利亚的秘密,DREAM ANGELS THONG WHITE 内裤 M,http://static.lottedfs.cn/prod/prd-img/25/58/78/00/00/02/20000785825_1.JPG,$4
20000636504,维多利亚的秘密,DREAM ANGELS THONG BLUE 内裤 M,http://static.lottedfs.cn/prod/prd-img/19/58/78/00/00/02/20000785819_1.JPG,$4
20000636567,维多利亚的秘密,COTTON THONG WHITE 内裤 S,http://static.lottedfs.cn/prod/prd-img/85/58/78/00/00/02/20000785885_1.JPG,$3
20000636545,维多利亚的秘密,DREAM ANGELS THONG BLUE 内裤 S,http://static.lottedfs.cn/prod/prd-img/63/58/78/00/00/02/20000785863_1.JPG,$4
20000636204,维多利亚的秘密,NOVELTY CHEEKY BLACK 内裤 XS,http://static.lottedfs.cn/prod/prd-img/80/54/78/00/00/02/20000785480_1.JPG,$4
20000636609,维多利亚的秘密,VS NOVELTY CHEEKY ANIMAL 内裤 S,http://static.lottedfs.cn/prod/prd-img/31/59/78/00/00/02/20000785931_1.JPG,$4
20000636183,维多利亚的秘密,COTTON BIKINI PURPLE 内裤 XS,http://static.lottedfs.cn/prod/prd-img/57/54/78/00/00/02/20000785457_1.JPG,$3
20000628386,维多利亚的秘密,VERY SEXY THONG 女士内裤 ORANGE S,http://static.lottedfs.cn/prod/prd-img/77/43/77/00/00/02/20000774377_1.JPG,$4
20000636505,维多利亚的秘密,DREAM ANGELS THONG PEACH 内裤 S,http://static.lottedfs.cn/prod/prd-img/20/58/78/00/00/02/20000785820_1.JPG,$4
20000636232,维多利亚的秘密,DREAM ANGELS THONG BLACK 内裤 M,http://static.lottedfs.cn/prod/prd-img/16/55/78/00/00/02/20000785516_1.JPG,$4
20000636631,维多利亚的秘密,COTTON THONG LIGHT 内裤 GREEN S,http://static.lottedfs.cn/prod/prd-img/53/59/78/00/00/02/20000785953_1.JPG,$3
20000636500,维多利亚的秘密,DREAM ANGELS THONG WHITE 内裤 S,http://static.lottedfs.cn/prod/prd-img/15/58/78/00/00/02/20000785815_1.JPG,$4
20000636234,维多利亚的秘密,DREAM ANGELS THONG BLACK 内裤 XS,http://static.lottedfs.cn/prod/prd-img/18/55/78/00/00/02/20000785518_1.JPG,$4
20000636410,维多利亚的秘密,VERY SEXY THONG PINK 内裤 S,http://static.lottedfs.cn/prod/prd-img/08/57/78/00/00/02/20000785708_1.JPG,$4
20000539543,维多利亚的秘密,COTTON BIKINI BLACK 女士内裤 S,http://static.lottedfs.cn/prod/prd-img/68/62/62/00/00/02/20000626268_6.JPG,$3
20000636633,维多利亚的秘密,DREAM ANGELS CHEEKINI 内裤 GREY S,http://static.lottedfs.cn/prod/prd-img/55/59/78/00/00/02/20000785955_1.JPG,$4
20000637232,维多利亚的秘密,NOVELTY CHEEKY 内裤 BLUE XS,http://static.lottedfs.cn/prod/prd-img/60/66/78/00/00/02/20000786660_1.JPG,$4
20000636457,维多利亚的秘密,DREAM ANGELS THONG PEACH 内裤 M,http://static.lottedfs.cn/prod/prd-img/59/57/78/00/00/02/20000785759_1.JPG,$4
20000636358,维多利亚的秘密,RAW CUT HIPHUGGER STRIPE HORIZNTL 内裤 XS,http://static.lottedfs.cn/prod/prd-img/49/56/78/00/00/02/20000785649_1.JPG,$3
20000636342,维多利亚的秘密,NOVELTY CHEEKY BLACK 内裤 XS,http://static.lottedfs.cn/prod/prd-img/33/56/78/00/00/02/20000785633_1.JPG,$4
20000636212,维多利亚的秘密,NOVELTY CHEEKY 内裤 NAVY XS,http://static.lottedfs.cn/prod/prd-img/88/54/78/00/00/02/20000785488_1.JPG,$4
20000636637,维多利亚的秘密,NOVELTY CHEEKY PINK 内裤 XS,http://static.lottedfs.cn/prod/prd-img/59/59/78/00/00/02/20000785959_1.JPG,$4
20000636597,维多利亚的秘密,VS NOVELTY CHEEKY DARK PINK 内裤 S,http://static.lottedfs.cn/prod/prd-img/19/59/78/00/00/02/20000785919_1.JPG,$4
20000636206,维多利亚的秘密,NOVELTY CHEEKY NAVY 内裤 S,http://static.lottedfs.cn/prod/prd-img/82/54/78/00/00/02/20000785482_1.JPG,$4
20000636522,维多利亚的秘密,DREAM ANGELS THONG PEACH 内裤 XS,http://static.lottedfs.cn/prod/prd-img/37/58/78/00/00/02/20000785837_1.JPG,$4
20000636519,维多利亚的秘密,DREAM ANGELS THONG BLUE 内裤 XS,http://static.lottedfs.cn/prod/prd-img/34/58/78/00/00/02/20000785834_1.JPG,$4
20000636454,维多利亚的秘密,DREAM ANGELS CHEEKINI PINK 内裤 S,http://static.lottedfs.cn/prod/prd-img/56/57/78/00/00/02/20000785756_1.JPG,$4
20000636639,维多利亚的秘密,NOVELTY CHEEKY PINK 内裤 XS,http://static.lottedfs.cn/prod/prd-img/61/59/78/00/00/02/20000785961_1.JPG,$4
20000636188,维多利亚的秘密,NOVELTY CHEEKY BLACK 内裤 M,http://static.lottedfs.cn/prod/prd-img/62/54/78/00/00/02/20000785462_1.JPG,$4
20000627831,维多利亚的秘密,NOVELTY CHEEKY 内裤 PINK S,http://static.lottedfs.cn/prod/prd-img/82/34/77/00/00/02/20000773482_1.JPG,$4
20000636617,维多利亚的秘密,VS NOVELTY CHEEKY PINK 内裤 M,http://static.lottedfs.cn/prod/prd-img/39/59/78/00/00/02/20000785939_1.JPG,$4
20000636822,维多利亚的秘密,VERY SEXY THONG BLUE 内裤 XS,http://static.lottedfs.cn/prod/prd-img/61/61/78/00/00/02/20000786161_1.JPG,$4
20000636720,维多利亚的秘密,VERY SEXY THONG BLUE 内裤 S,http://static.lottedfs.cn/prod/prd-img/56/60/78/00/00/02/20000786056_1.JPG,$4
20000636626,维多利亚的秘密,VS VERY SEXY THONG BURGUNDY 内裤 S,http://static.lottedfs.cn/prod/prd-img/48/59/78/00/00/02/20000785948_1.JPG,$4
20000636607,维多利亚的秘密,VS NOVELTY CHEEKY 内裤 BLUE M,http://static.lottedfs.cn/prod/prd-img/29/59/78/00/00/02/20000785929_1.JPG,$4
20000636595,维多利亚的秘密,VS VERY SEXY THONG NAVY 内裤 S,http://static.lottedfs.cn/prod/prd-img/17/59/78/00/00/02/20000785917_1.JPG,$4
20000627848,维多利亚的秘密,NOVELTY CHEEKY 内裤 PINK XS,http://static.lottedfs.cn/prod/prd-img/06/35/77/00/00/02/20000773506_1.JPG,$4
20000628392,维多利亚的秘密,VERY SEXY THONG 女士内裤 ORANGE M,http://static.lottedfs.cn/prod/prd-img/87/43/77/00/00/02/20000774387_1.JPG,$4
20000636806,维多利亚的秘密,VERY SEXY THONG 内裤 PINK S,http://static.lottedfs.cn/prod/prd-img/43/61/78/00/00/02/20000786143_1.JPG,$4
20000636802,维多利亚的秘密,DREAM ANGELS CHEEKINI 内裤 PURPLE S,http://static.lottedfs.cn/prod/prd-img/39/61/78/00/00/02/20000786139_1.JPG,$4
20000636798,维多利亚的秘密,DREAM ANGELS THONG 内裤 PURPLE S,http://static.lottedfs.cn/prod/prd-img/35/61/78/00/00/02/20000786135_1.JPG,$4
20000636794,维多利亚的秘密,DREAM ANGELS CHEEKINI 内裤 GREY S,http://static.lottedfs.cn/prod/prd-img/30/61/78/00/00/02/20000786130_1.JPG,$4
20000636573,维多利亚的秘密,DREAM ANGELS CHEEKINI PEACH 内裤 M,http://static.lottedfs.cn/prod/prd-img/92/58/78/00/00/02/20000785892_1.JPG,$4
20000636655,维多利亚的秘密,LACIE THONG PINK 内裤 XS,http://static.lottedfs.cn/prod/prd-img/85/59/78/00/00/02/20000785985_1.JPG,$3
20000636621,维多利亚的秘密,VS NOVELTY CHEEKY BLUE 内裤 M,http://static.lottedfs.cn/prod/prd-img/43/59/78/00/00/02/20000785943_1.JPG,$4
20000636768,维多利亚的秘密,NOVELTY CHEEKY BLUE 内裤 M,http://static.lottedfs.cn/prod/prd-img/04/61/78/00/00/02/20000786104_1.JPG,$4
20000636352,维多利亚的秘密,VERY SEXY THONG RED 内裤 S,http://static.lottedfs.cn/prod/prd-img/43/56/78/00/00/02/20000785643_1.JPG,$4
20000636198,维多利亚的秘密,NOVELTY CHEEKY BLACK 内裤 S,http://static.lottedfs.cn/prod/prd-img/74/54/78/00/00/02/20000785474_1.JPG,$4
20000627830,维多利亚的秘密,NOVELTY CHEEKY 内裤 PINK M,http://static.lottedfs.cn/prod/prd-img/81/34/77/00/00/02/20000773481_1.JPG,$4
20000627828,维多利亚的秘密,NOVELTY CHEEKY 内裤 PINK S,http://static.lottedfs.cn/prod/prd-img/79/34/77/00/00/02/20000773479_1.JPG,$4
20000636776,维多利亚的秘密,NOVELTY CHEEKY PURPLE 内裤 S,http://static.lottedfs.cn/prod/prd-img/12/61/78/00/00/02/20000786112_1.JPG,$4
20000636716,维多利亚的秘密,NOVELTY CHEEKY PURPLE 内裤 S,http://static.lottedfs.cn/prod/prd-img/52/60/78/00/00/02/20000786052_1.JPG,$4
20000636302,维多利亚的秘密,LACIE THONG PURPLE 内裤 XS,http://static.lottedfs.cn/prod/prd-img/92/55/78/00/00/02/20000785592_1.JPG,$3
20000636191,维多利亚的秘密,NOVELTY CHEEKY NAVY 内裤 M,http://static.lottedfs.cn/prod/prd-img/65/54/78/00/00/02/20000785465_1.JPG,$4
20000539569,维多利亚的秘密,COTTON LW CHEEKY WHITE 女士内裤 S,http://static.lottedfs.cn/prod/prd-img/32/63/62/00/00/02/20000626332_1.JPG,$10.8
20000539552,维多利亚的秘密,COTTON BIKINI WHITE 女士内裤 S,http://static.lottedfs.cn/prod/prd-img/96/62/62/00/00/02/20000626296_1.JPG,$10.8
20000636711,维多利亚的秘密,NOVELTY CHEEKY PURPLE 内裤 XS,http://static.lottedfs.cn/prod/prd-img/47/60/78/00/00/02/20000786047_1.JPG,$4
20000636708,维多利亚的秘密,VERY SEXY THONG PURPLE 内裤 S,http://static.lottedfs.cn/prod/prd-img/44/60/78/00/00/02/20000786044_1.JPG,$4
20000627890,维多利亚的秘密,VERY SEXY THONG 女士内裤 ORANGE S,http://static.lottedfs.cn/prod/prd-img/53/35/77/00/00/02/20000773553_1.JPG,$4
20000627882,维多利亚的秘密,VS NOVELTY CHEEKY 女士内裤 BLACK S,http://static.lottedfs.cn/prod/prd-img/44/35/77/00/00/02/20000773544_1.JPG,$4
20000627814,维多利亚的秘密,VERY SEXY THONG 内裤 BLACK S,http://static.lottedfs.cn/prod/prd-img/65/34/77/00/00/02/20000773465_1.JPG,$4
20000627775,维多利亚的秘密,LACIE THONG 内裤 GREEN S,http://static.lottedfs.cn/prod/prd-img/11/34/77/00/00/02/20000773411_1.JPG,$3
20000539560,维多利亚的秘密,COTTON BIKINI WHITE 女士内裤 M,http://static.lottedfs.cn/prod/prd-img/15/63/62/00/00/02/20000626315_1.JPG,$10.8
20000509077,维多利亚的秘密,PJ SET STRIPE 睡衣 NARROW S,http://static.lottedfs.cn/prod/prd-img/81/79/57/00/00/02/20000577981_1.JPG,$81
20000469709,维多利亚的秘密,VICTORIA S SECRET NOVELTY CHEEKY 内裤 PINK M,http://static.lottedfs.cn/prod/prd-img/77/57/51/00/00/02/20000515777_1.JPG,$14.4
20000450501,维多利亚的秘密,EVERYDAY RAW CUT HIPHUGGER PURPLE 女士内裤 M,http://static.lottedfs.cn/prod/prd-img/42/95/48/00/00/02/20000489542_1.JPG,$10.8
20000636815,维多利亚的秘密,RAW CUT THONG PURPLE 内裤 S,http://static.lottedfs.cn/prod/prd-img/52/61/78/00/00/02/20000786152_1.JPG,$3
20000636463,维多利亚的秘密,DREAM ANGELS CHEEKINI WHITE 内裤 XS,http://static.lottedfs.cn/prod/prd-img/23/57/78/00/00/02/20000785723_1.JPG,$4
20000636239,维多利亚的秘密,VS NOVELTY CHEEKY DARK PINK 内裤 M,http://static.lottedfs.cn/prod/prd-img/23/55/78/00/00/02/20000785523_7.JPG,$4
20000636237,维多利亚的秘密,DREAM ANGELS THONG BLACK 内裤 S,http://static.lottedfs.cn/prod/prd-img/21/55/78/00/00/02/20000785521_1.JPG,$4
20000628361,维多利亚的秘密,NOVELTY CHEEKY 女士内裤 ORANGE S,http://static.lottedfs.cn/prod/prd-img/39/43/77/00/00/02/20000774339_1.JPG,$4
20000628285,维多利亚的秘密,LACIE THONG 女士内裤 PURPLE S,http://static.lottedfs.cn/prod/prd-img/15/42/77/00/00/02/20000774215_1.JPG,$3
20000627892,维多利亚的秘密,COTTON BIKINI 女士内裤 RED M,http://static.lottedfs.cn/prod/prd-img/56/35/77/00/00/02/20000773556_1.JPG,$3
20000627864,维多利亚的秘密,NOVELTY CHEEKY RED XS 女士内裤,http://static.lottedfs.cn/prod/prd-img/26/35/77/00/00/02/20000773526_1.JPG,$4
20000627852,维多利亚的秘密,VS VERY SEXY THONG DARK 内裤 PINK S,http://static.lottedfs.cn/prod/prd-img/11/35/77/00/00/02/20000773511_1.JPG,$4
20000627834,维多利亚的秘密,NOVELTY CHEEKY 内裤 PINK M,http://static.lottedfs.cn/prod/prd-img/85/34/77/00/00/02/20000773485_1.JPG,$4
20000539623,维多利亚的秘密,NOVELTY CHEEKY BEIGE/KHAKI/NUD S 内裤,http://static.lottedfs.cn/prod/prd-img/51/64/62/00/00/02/20000626451_1.JPG,$14.4
20000539604,维多利亚的秘密,SEAMLESS HIPHUGGER GREY 女士内裤 M,http://static.lottedfs.cn/prod/prd-img/13/64/62/00/00/02/20000626413_6.JPG,$3
20000510122,维多利亚的秘密,KIMONO 睡衣 STRIPE NARROW M/L,http://static.lottedfs.cn/prod/prd-img/64/95/57/00/00/02/20000579564_1.JPG,$64.8
20000509073,维多利亚的秘密,PJ SET 睡衣 STRIPE NARROW XS,http://static.lottedfs.cn/prod/prd-img/77/79/57/00/00/02/20000577977_1.JPG,$81
20000469707,维多利亚的秘密,VICTORIA S SECRET NOVELTY CHEEKY 内裤 PINK S,http://static.lottedfs.cn/prod/prd-img/73/57/51/00/00/02/20000515773_1.JPG,$14.4
20000450500,维多利亚的秘密,EVERYDAY RAW CUT HIPHUGGER PURPLE 女士内裤 S,http://static.lottedfs.cn/prod/prd-img/41/95/48/00/00/02/20000489541_1.JPG,$10.8
10003115409,维多利亚的秘密,RAW CUT HIPHUGGER 内衣,http://static.lottedfs.cn/prod/prd-img/74/00/10/03/00/01/10003100074_01.jpg,$10.8
20000636757,维多利亚的秘密,NOVELTY CHEEKY PURPLE 内裤 M,http://static.lottedfs.cn/prod/prd-img/91/60/78/00/00/02/20000786091_1.JPG,$4
20000636264,维多利亚的秘密,COTTON THONG GREY 内裤 S,http://static.lottedfs.cn/prod/prd-img/48/55/78/00/00/02/20000785548_1.JPG,$3
20000628384,维多利亚的秘密,VERY SEXY THONG 女士内裤 ORANGE XS,http://static.lottedfs.cn/prod/prd-img/75/43/77/00/00/02/20000774375_1.JPG,$4
20000627862,维多利亚的秘密,VS NOVELTY CHEEKY PINK S 女士内裤,http://static.lottedfs.cn/prod/prd-img/24/35/77/00/00/02/20000773524_1.JPG,$4
20000627774,维多利亚的秘密,LACIE THONG 内裤 GREEN XS,http://static.lottedfs.cn/prod/prd-img/10/34/77/00/00/02/20000773410_1.JPG,$3
20000597738,维多利亚的秘密,PJ SET STRIPE 睡衣 XS,http://static.lottedfs.cn/prod/prd-img/41/06/72/00/00/02/20000720641_1.JPG,$65.7
20000597735,维多利亚的秘密,PJ SET STRIPE 睡衣 M,http://static.lottedfs.cn/prod/prd-img/38/06/72/00/00/02/20000720638_1.JPG,$65.7
20000597166,维多利亚的秘密,KIMONO STRIPE 睡衣 XS/S,http://static.lottedfs.cn/prod/prd-img/50/94/71/00/00/02/20000719450_1.JPG,$61.2
20000597160,维多利亚的秘密,PJ SET STRIPE 睡衣 L,http://static.lottedfs.cn/prod/prd-img/33/94/71/00/00/02/20000719433_1.JPG,$81
20000539734,维多利亚的秘密,NOVELTY CHEEKY RED 内裤 S,http://static.lottedfs.cn/prod/prd-img/82/66/62/00/00/02/20000626682_6.JPG,$4
10002366566,维多利亚的秘密,LACE WAIST CHEEKY PANTY  内裤,http://static.lottedfs.cn/prod/prd-img/50/67/36/02/00/01/10002366750_01.jpg,$10.8
20000636820,维多利亚的秘密,VERY SEXY THONG 内裤 PURPLE XS,http://static.lottedfs.cn/prod/prd-img/57/61/78/00/00/02/20000786157_1.JPG,$4
20000636813,维多利亚的秘密,RAW CUT THONG 内裤 PURPLE S,http://static.lottedfs.cn/prod/prd-img/50/61/78/00/00/02/20000786150_1.JPG,$3
20000636807,维多利亚的秘密,LACIE THONG PURPLE 内裤 S,http://static.lottedfs.cn/prod/prd-img/44/61/78/00/00/02/20000786144_1.JPG,$3
20000636791,维多利亚的秘密,RAW CUT THONG GREY 内裤 S,http://static.lottedfs.cn/prod/prd-img/27/61/78/00/00/02/20000786127_1.JPG,$3
20000636780,维多利亚的秘密,RAW CUT THONG 内裤 PURPLE S,http://static.lottedfs.cn/prod/prd-img/16/61/78/00/00/02/20000786116_1.JPG,$3
20000636762,维多利亚的秘密,NOVELTY CHEEKY PURPLE 内裤 XS,http://static.lottedfs.cn/prod/prd-img/98/60/78/00/00/02/20000786098_1.JPG,$4
20000636703,维多利亚的秘密,NOVELTY CHEEKY IVORY/OFF WHITE 内裤 XS,http://static.lottedfs.cn/prod/prd-img/39/60/78/00/00/02/20000786039_1.JPG,$4
20000636684,维多利亚的秘密,SEAMLESS BIKINI GREY 内裤 XS,http://static.lottedfs.cn/prod/prd-img/20/60/78/00/00/02/20000786020_1.JPG,$3
20000636658,维多利亚的秘密,COTTON BIKINI MEDIUM GREY 内裤 M,http://static.lottedfs.cn/prod/prd-img/93/59/78/00/00/02/20000785993_1.JPG,$3
20000636651,维多利亚的秘密,VERY SEXY THONG 内裤 ORANGE XS,http://static.lottedfs.cn/prod/prd-img/80/59/78/00/00/02/20000785980_1.JPG,$4
20000636648,维多利亚的秘密,COTTON LW CHEEKY BLUE 内裤 S,http://static.lottedfs.cn/prod/prd-img/76/59/78/00/00/02/20000785976_1.JPG,$3
20000636629,维多利亚的秘密,VS VERY SEXY THONG RED 内裤 S,http://static.lottedfs.cn/prod/prd-img/51/59/78/00/00/02/20000785951_1.JPG,$4
20000636605,维多利亚的秘密,VS NOVELTY CHEEKY BLACK 内裤 M,http://static.lottedfs.cn/prod/prd-img/27/59/78/00/00/02/20000785927_1.JPG,$4
20000636602,维多利亚的秘密,VS DREAM ANGELS CHEEKINI RED 内裤 M,http://static.lottedfs.cn/prod/prd-img/24/59/78/00/00/02/20000785924_1.JPG,$4
20000636598,维多利亚的秘密,VS NOVELTY CHEEKY PINK 内裤 M,http://static.lottedfs.cn/prod/prd-img/20/59/78/00/00/02/20000785920_1.JPG,$4
20000636592,维多利亚的秘密,COTTON THONG BLACK 内裤 S,http://static.lottedfs.cn/prod/prd-img/14/59/78/00/00/02/20000785914_1.JPG,$3
20000636589,维多利亚的秘密,DREAM ANGELS CHEEKINI WHITE 内裤 S,http://static.lottedfs.cn/prod/prd-img/11/59/78/00/00/02/20000785911_1.JPG,$4
20000636587,维多利亚的秘密,DREAM ANGELS CHEEKINI PEACH 内裤 S,http://static.lottedfs.cn/prod/prd-img/09/59/78/00/00/02/20000785909_1.JPG,$4
20000636581,维多利亚的秘密,DREAM ANGELS CHEEKINI PEACH 内裤 XS,http://static.lottedfs.cn/prod/prd-img/00/59/78/00/00/02/20000785900_1.JPG,$4
20000636570,维多利亚的秘密,COTTON THONG PEACH 内裤 S,http://static.lottedfs.cn/prod/prd-img/89/58/78/00/00/02/20000785889_1.JPG,$3
20000636560,维多利亚的秘密,COTTON THONG WHITE 内裤 M,http://static.lottedfs.cn/prod/prd-img/78/58/78/00/00/02/20000785878_1.JPG,$3
20000636558,维多利亚的秘密,COTTON THONG WHITE 内裤 XS,http://static.lottedfs.cn/prod/prd-img/76/58/78/00/00/02/20000785876_1.JPG,$3
20000636464,维多利亚的秘密,DREAM ANGELS CHEEKINI BLUE 内裤 XS,http://static.lottedfs.cn/prod/prd-img/25/57/78/00/00/02/20000785725_1.JPG,$4
20000636462,维多利亚的秘密,VERY SEXY THONG BLACK 内裤 M,http://static.lottedfs.cn/prod/prd-img/25/56/78/00/00/02/20000785625_1.JPG,$4
20000636459,维多利亚的秘密,DREAM ANGELS THONG WHITE 内裤 XS,http://static.lottedfs.cn/prod/prd-img/65/57/78/00/00/02/20000785765_1.JPG,$4
20000636455,维多利亚的秘密,DREAM ANGELS THONG WHITE 内裤 XS,http://static.lottedfs.cn/prod/prd-img/57/57/78/00/00/02/20000785757_1.JPG,$4
20000636450,维多利亚的秘密,DREAM ANGELS CHEEKINI PINK 内裤 M,http://static.lottedfs.cn/prod/prd-img/48/57/78/00/00/02/20000785748_1.JPG,$4
20000636449,维多利亚的秘密,DREAM ANGELS CHEEKINI BLUE 内裤 M,http://static.lottedfs.cn/prod/prd-img/47/57/78/00/00/02/20000785747_1.JPG,$4
20000636446,维多利亚的秘密,DREAM ANGELS CHEEKINI PINK 内裤 XS,http://static.lottedfs.cn/prod/prd-img/44/57/78/00/00/02/20000785744_1.JPG,$4
20000636435,维多利亚的秘密,DREAM ANGELS CHEEKINI WHITE 内裤 M,http://static.lottedfs.cn/prod/prd-img/33/57/78/00/00/02/20000785733_1.JPG,$4
20000636431,维多利亚的秘密,DREAM ANGELS CHEEKINI BLUE 内裤 S,http://static.lottedfs.cn/prod/prd-img/29/57/78/00/00/02/20000785729_1.JPG,$4
20000636420,维多利亚的秘密,DREAM ANGELS CHEEKINI WHITE 内裤 M,http://static.lottedfs.cn/prod/prd-img/18/57/78/00/00/02/20000785718_1.JPG,$4
20000636417,维多利亚的秘密,DREAM ANGELS CHEEKINI NUDE 内裤 S,http://static.lottedfs.cn/prod/prd-img/15/57/78/00/00/02/20000785715_1.JPG,$4
20000636413,维多利亚的秘密,VERY SEXY THONG BLUE 内裤 XS,http://static.lottedfs.cn/prod/prd-img/11/57/78/00/00/02/20000785711_1.JPG,$4
20000636405,维多利亚的秘密,VERY SEXY THONG PINK 内裤 XS,http://static.lottedfs.cn/prod/prd-img/03/57/78/00/00/02/20000785703_1.JPG,$4
20000636404,维多利亚的秘密,LACIE THONG RED 内裤 S,http://static.lottedfs.cn/prod/prd-img/01/57/78/00/00/02/20000785701_1.JPG,$3
20000636401,维多利亚的秘密,DREAM ANGELS CHEEKINI RED 内裤 XS,http://static.lottedfs.cn/prod/prd-img/98/56/78/00/00/02/20000785698_1.JPG,$4
20000636397,维多利亚的秘密,DREAM ANGELS CHEEKINI RED 内裤 S,http://static.lottedfs.cn/prod/prd-img/93/56/78/00/00/02/20000785693_1.JPG,$4
20000636396,维多利亚的秘密,DREAM ANGELS CHEEKINI WHITE 内裤 XS,http://static.lottedfs.cn/prod/prd-img/92/56/78/00/00/02/20000785692_1.JPG,$4
20000636393,维多利亚的秘密,DREAM ANGELS CHEEKINI WHITE 内裤 S,http://static.lottedfs.cn/prod/prd-img/89/56/78/00/00/02/20000785689_1.JPG,$4
20000636373,维多利亚的秘密,RAW CUT THONG BLUE 内裤 S,http://static.lottedfs.cn/prod/prd-img/64/56/78/00/00/02/20000785664_1.JPG,$3
20000636367,维多利亚的秘密,SEAMLESS BIKINI NAVY 内裤 S,http://static.lottedfs.cn/prod/prd-img/58/56/78/00/00/02/20000785658_1.JPG,$3
20000636363,维多利亚的秘密,SEAMLESS BIKINI NAVY 内裤 XS,http://static.lottedfs.cn/prod/prd-img/54/56/78/00/00/02/20000785654_1.JPG,$3
20000636317,维多利亚的秘密,SEAMLESS HIPHUGGER PINK 内裤 S,http://static.lottedfs.cn/prod/prd-img/07/56/78/00/00/02/20000785607_1.JPG,$3
20000636311,维多利亚的秘密,SEAMLESS HIPHUGGER PINK 内裤 XS,http://static.lottedfs.cn/prod/prd-img/01/56/78/00/00/02/20000785601_1.JPG,$3
20000636306,维多利亚的秘密,SEAMLESS HIPHUGGER PINK 内衣 M,http://static.lottedfs.cn/prod/prd-img/96/55/78/00/00/02/20000785596_1.JPG,$3
20000636298,维多利亚的秘密,LACIE THONG BLUE 内裤 S,http://static.lottedfs.cn/prod/prd-img/88/55/78/00/00/02/20000785588_1.JPG,$3
20000636295,维多利亚的秘密,COTTON LW CHEEKY BLACK 内裤 M,http://static.lottedfs.cn/prod/prd-img/85/55/78/00/00/02/20000785585_1.JPG,$3
20000636286,维多利亚的秘密,COTTON LW CHEEKY BLACK 内裤 S,http://static.lottedfs.cn/prod/prd-img/73/55/78/00/00/02/20000785573_1.JPG,$3
20000636277,维多利亚的秘密,DREAM ANGELS CHEEKINI WHITE 内裤 XS,http://static.lottedfs.cn/prod/prd-img/61/55/78/00/00/02/20000785561_1.JPG,$4
20000636272,维多利亚的秘密,COTTON THONG GREY 内裤 M,http://static.lottedfs.cn/prod/prd-img/56/55/78/00/00/02/20000785556_1.JPG,$3
20000636255,维多利亚的秘密,RAW CUT THONG BLACK 内裤 S,http://static.lottedfs.cn/prod/prd-img/39/55/78/00/00/02/20000785539_1.JPG,$3
20000636248,维多利亚的秘密,VS NOVELTY CHEEKY BLACK 内裤 M,http://static.lottedfs.cn/prod/prd-img/32/55/78/00/00/02/20000785532_1.JPG,$4
20000636241,维多利亚的秘密,VS NOVELTY CHEEKY BLACK 内裤 S,http://static.lottedfs.cn/prod/prd-img/25/55/78/00/00/02/20000785525_1.JPG,$4
20000636229,维多利亚的秘密,DREAM ANGELS CHEEKINI BLACK 内裤 M,http://static.lottedfs.cn/prod/prd-img/13/55/78/00/00/02/20000785513_1.JPG,$4
20000636226,维多利亚的秘密,DREAM ANGELS CHEEKINI BLACK 内裤 S,http://static.lottedfs.cn/prod/prd-img/06/55/78/00/00/02/20000785506_1.JPG,$4
20000636216,维多利亚的秘密,DREAM ANGELS CHEEKINI BLACK 内裤 XS,http://static.lottedfs.cn/prod/prd-img/92/54/78/00/00/02/20000785492_1.JPG,$4
20000636214,维多利亚的秘密,DREAM ANGELS CHEEKINI BLACK 内裤 XS,http://static.lottedfs.cn/prod/prd-img/90/54/78/00/00/02/20000785490_1.JPG,$4
20000636179,维多利亚的秘密,SEAMLESS HIPHUGGER BLACK 内裤 XS,http://static.lottedfs.cn/prod/prd-img/53/54/78/00/00/02/20000785453_1.JPG,$3
20000636174,维多利亚的秘密,SEAMLESS HIPHUGGER BLACK 内裤 M,http://static.lottedfs.cn/prod/prd-img/48/54/78/00/00/02/20000785448_1.JPG,$3
20000636168,维多利亚的秘密,LACIE THONG BLUE 内裤 S,http://static.lottedfs.cn/prod/prd-img/42/54/78/00/00/02/20000785442_1.JPG,$3
20000636167,维多利亚的秘密,LACIE THONG BLACK 内裤 S,http://static.lottedfs.cn/prod/prd-img/41/54/78/00/00/02/20000785441_1.JPG,$3
20000636164,维多利亚的秘密,RAW CUT THONG BLACK 内裤 S,http://static.lottedfs.cn/prod/prd-img/38/54/78/00/00/02/20000785438_1.JPG,$3
20000636162,维多利亚的秘密,SEAMLESS BIKINI BLACK 内裤 S,http://static.lottedfs.cn/prod/prd-img/36/54/78/00/00/02/20000785436_1.JPG,$3
20000636122,维多利亚的秘密,SEAMLESS BIKINI 内裤 BLACK XS,http://static.lottedfs.cn/prod/prd-img/59/53/78/00/00/02/20000785359_1.JPG,$3
20000636119,维多利亚的秘密,SEAMLESS HIPHUGGER 内裤 BLACK S,http://static.lottedfs.cn/prod/prd-img/53/53/78/00/00/02/20000785353_1.JPG,$3
20000636116,维多利亚的秘密,SEAMLESS HIPHUGGER 内裤 BLACK XS,http://static.lottedfs.cn/prod/prd-img/46/53/78/00/00/02/20000785346_1.JPG,$3
20000636112,维多利亚的秘密,RAW CUT THONG 内裤 BLACK S,http://static.lottedfs.cn/prod/prd-img/35/53/78/00/00/02/20000785335_1.JPG,$3
20000636111,维多利亚的秘密,DREAM ANGELS THONG 内裤 BLACK S,http://static.lottedfs.cn/prod/prd-img/31/53/78/00/00/02/20000785331_1.JPG,$4
20000636099,维多利亚的秘密,NOVELTY CHEEKY 内裤 BLACK XS,http://static.lottedfs.cn/prod/prd-img/09/53/78/00/00/02/20000785309_1.JPG,$4
20000636089,维多利亚的秘密,SEAMLESS HIPHUGGER 内裤 GREY XS,http://static.lottedfs.cn/prod/prd-img/94/52/78/00/00/02/20000785294_1.JPG,$3
20000636085,维多利亚的秘密,DREAM ANGELS CHEEKINI 内裤 BLACK XS,http://static.lottedfs.cn/prod/prd-img/90/52/78/00/00/02/20000785290_1.JPG,$4
20000636078,维多利亚的秘密,DREAM ANGELS CHEEKINI 内裤 BLACK S,http://static.lottedfs.cn/prod/prd-img/82/52/78/00/00/02/20000785282_1.JPG,$4
20000636076,维多利亚的秘密,DREAM ANGELS THONG 内裤 BLACK S,http://static.lottedfs.cn/prod/prd-img/80/52/78/00/00/02/20000785280_6.JPG,$4
20000628407,维多利亚的秘密,VERY SEXY THONG 女士内裤 LIGHT PINK M,http://static.lottedfs.cn/prod/prd-img/15/44/77/00/00/02/20000774415_1.JPG,$4
20000628402,维多利亚的秘密,VERY SEXY THONG 女士内裤 LIGHT PINK S,http://static.lottedfs.cn/prod/prd-img/04/44/77/00/00/02/20000774404_1.JPG,$4
20000628399,维多利亚的秘密,VERY SEXY THONG 女士内裤 LIGHT PINK XS,http://static.lottedfs.cn/prod/prd-img/97/43/77/00/00/02/20000774397_1.JPG,$4
20000628379,维多利亚的秘密,VERY SEXY THONG 女士内裤 PURPLE M,http://static.lottedfs.cn/prod/prd-img/66/43/77/00/00/02/20000774366_1.JPG,$4
20000628374,维多利亚的秘密,VERY SEXY THONG 女士内裤 PURPLE S,http://static.lottedfs.cn/prod/prd-img/59/43/77/00/00/02/20000774359_1.JPG,$4
20000628365,维多利亚的秘密,NOVELTY CHEEKY 女士内裤 BLUE XS,http://static.lottedfs.cn/prod/prd-img/46/43/77/00/00/02/20000774346_1.JPG,$4
20000628355,维多利亚的秘密,NOVELTY CHEEKY 女士内裤 ORANGE XS,http://static.lottedfs.cn/prod/prd-img/31/43/77/00/00/02/20000774331_1.JPG,$4
20000628324,维多利亚的秘密,SEAMLESS HIPHUGGER 女士内裤 BLUE S,http://static.lottedfs.cn/prod/prd-img/80/42/77/00/00/02/20000774280_1.JPG,$3
20000628307,维多利亚的秘密,COTTON BIKINI 女士内裤 GREEN M,http://static.lottedfs.cn/prod/prd-img/55/42/77/00/00/02/20000774255_1.JPG,$3
20000628296,维多利亚的秘密,COTTON BIKINI 女士内裤 GREEN S,http://static.lottedfs.cn/prod/prd-img/38/42/77/00/00/02/20000774238_1.JPG,$3
20000628287,维多利亚的秘密,LACIE THONG 女士内裤 PURPLE M,http://static.lottedfs.cn/prod/prd-img/17/42/77/00/00/02/20000774217_1.JPG,$3
20000628282,维多利亚的秘密,SEAMLESS BIKINI 女士内裤 PURPLE S,http://static.lottedfs.cn/prod/prd-img/11/42/77/00/00/02/20000774211_1.JPG,$3
20000627946,维多利亚的秘密,COTTON BIKINI 女士内裤 GREEN XS,http://static.lottedfs.cn/prod/prd-img/54/36/77/00/00/02/20000773654_1.JPG,$3
20000627887,维多利亚的秘密,VERY SEXY THONG 女士内裤 TURQOISE-AQUA S,http://static.lottedfs.cn/prod/prd-img/49/35/77/00/00/02/20000773549_1.JPG,$4
20000627885,维多利亚的秘密,VS NOVELTY CHEEKY 女士内裤 BLACK M,http://static.lottedfs.cn/prod/prd-img/47/35/77/00/00/02/20000773547_1.JPG,$4
20000627879,维多利亚的秘密,VS NOVELTY CHEEKY 女士内裤 PINK S,http://static.lottedfs.cn/prod/prd-img/41/35/77/00/00/02/20000773541_1.JPG,$4
20000627876,维多利亚的秘密,NOVELTY CHEEKY BLACK M 女士内裤,http://static.lottedfs.cn/prod/prd-img/38/35/77/00/00/02/20000773538_1.JPG,$4
20000627871,维多利亚的秘密,VS NOVELTY CHEEKY LIGHT PINK S 女士内裤,http://static.lottedfs.cn/prod/prd-img/33/35/77/00/00/02/20000773533_1.JPG,$4
20000627869,维多利亚的秘密,VS VERY SEXY THONG BLACK M 女士内裤,http://static.lottedfs.cn/prod/prd-img/31/35/77/00/00/02/20000773531_1.JPG,$4
20000627867,维多利亚的秘密,VS VERY SEXY THONG BLACK S 女士内裤,http://static.lottedfs.cn/prod/prd-img/29/35/77/00/00/02/20000773529_1.JPG,$4
20000627859,维多利亚的秘密,FW NOVELTY CHEEKY BLACK M 女士内裤,http://static.lottedfs.cn/prod/prd-img/21/35/77/00/00/02/20000773521_1.JPG,$4
20000627857,维多利亚的秘密,FW NOVELTY CHEEKY 内裤 BLACK S,http://static.lottedfs.cn/prod/prd-img/19/35/77/00/00/02/20000773519_1.JPG,$4
20000627853,维多利亚的秘密,FW NOVELTY CHEEKY 内裤 BLACK XS,http://static.lottedfs.cn/prod/prd-img/12/35/77/00/00/02/20000773512_1.JPG,$4
20000627846,维多利亚的秘密,NOVELTY CHEEKY 内裤 PURPLE XS,http://static.lottedfs.cn/prod/prd-img/01/35/77/00/00/02/20000773501_1.JPG,$4
20000627840,维多利亚的秘密,VS VERY SEXY THONG 内裤 PINK S,http://static.lottedfs.cn/prod/prd-img/91/34/77/00/00/02/20000773491_1.JPG,$4
20000627839,维多利亚的秘密,VERY SEXY THONG 内裤 BLACK S,http://static.lottedfs.cn/prod/prd-img/90/34/77/00/00/02/20000773490_1.JPG,$4
20000627837,维多利亚的秘密,VS VERY SEXY THONG 内裤 BLUE S,http://static.lottedfs.cn/prod/prd-img/88/34/77/00/00/02/20000773488_1.JPG,$4
20000627826,维多利亚的秘密,VS DREAM ANGELS THONG 内裤 PINK S,http://static.lottedfs.cn/prod/prd-img/77/34/77/00/00/02/20000773477_1.JPG,$4
20000627824,维多利亚的秘密,VS DREAM ANGELS THONG 内裤 GREEN S,http://static.lottedfs.cn/prod/prd-img/75/34/77/00/00/02/20000773475_1.JPG,$4
20000627822,维多利亚的秘密,VS NOVELTY CHEEKY 内衣 BLACK S,http://static.lottedfs.cn/prod/prd-img/73/34/77/00/00/02/20000773473_1.JPG,$4
20000627820,维多利亚的秘密,VS DREAM ANGELS THONG 内裤 RED S,http://static.lottedfs.cn/prod/prd-img/71/34/77/00/00/02/20000773471_1.JPG,$4
20000627818,维多利亚的秘密,VS DREAM ANGELS THONG 内裤 BLACK S,http://static.lottedfs.cn/prod/prd-img/69/34/77/00/00/02/20000773469_1.JPG,$4
20000627815,维多利亚的秘密,VERY SEXY THONG 内裤 BLACK M,http://static.lottedfs.cn/prod/prd-img/66/34/77/00/00/02/20000773466_1.JPG,$4
20000627812,维多利亚的秘密,VERY SEXY THONG 内裤 BLACK XS,http://static.lottedfs.cn/prod/prd-img/63/34/77/00/00/02/20000773463_1.JPG,$4
20000627802,维多利亚的秘密,LACIE THONG 内裤 PINK S,http://static.lottedfs.cn/prod/prd-img/53/34/77/00/00/02/20000773453_1.JPG,$3
20000627800,维多利亚的秘密,LACIE THONG 内裤 PINK M,http://static.lottedfs.cn/prod/prd-img/51/34/77/00/00/02/20000773451_1.JPG,$3
20000627797,维多利亚的秘密,LACIE THONG 内裤 PINK S,http://static.lottedfs.cn/prod/prd-img/48/34/77/00/00/02/20000773448_1.JPG,$3
20000627790,维多利亚的秘密,SEAMLESS BIKINI 内裤 PINK XS,http://static.lottedfs.cn/prod/prd-img/35/34/77/00/00/02/20000773435_1.JPG,$3
20000627787,维多利亚的秘密,COTTON BIKINI 内裤 BLACK XS,http://static.lottedfs.cn/prod/prd-img/26/34/77/00/00/02/20000773426_1.JPG,$3
20000627785,维多利亚的秘密,FW COTTON HIPHUGGER 内裤 BLACK S,http://static.lottedfs.cn/prod/prd-img/24/34/77/00/00/02/20000773424_1.JPG,$3
20000627780,维多利亚的秘密,COTTON BIKINI 内裤 BLUE M,http://static.lottedfs.cn/prod/prd-img/16/34/77/00/00/02/20000773416_1.JPG,$3
20000627777,维多利亚的秘密,COTTON BIKINI 内裤 BLUE S,http://static.lottedfs.cn/prod/prd-img/13/34/77/00/00/02/20000773413_1.JPG,$3
20000627776,维多利亚的秘密,LACIE THONG 内裤 GREEN M,http://static.lottedfs.cn/prod/prd-img/12/34/77/00/00/02/20000773412_1.JPG,$3
20000627771,维多利亚的秘密,RAW CUT HIPHUGGER STRIPE HORIZNTL 内裤 M,http://static.lottedfs.cn/prod/prd-img/07/34/77/00/00/02/20000773407_1.JPG,$3
20000627769,维多利亚的秘密,RAW CUT HIPHUGGER STRIPE HORIZNTL 内裤 S,http://static.lottedfs.cn/prod/prd-img/02/34/77/00/00/02/20000773402_1.JPG,$3
20000627768,维多利亚的秘密,SEAMLESS BIKINI 内裤 PURPLE XS,http://static.lottedfs.cn/prod/prd-img/01/34/77/00/00/02/20000773401_1.JPG,$3
20000627767,维多利亚的秘密,COTTON LW CHEEKY 内裤 PURPLE M,http://static.lottedfs.cn/prod/prd-img/00/34/77/00/00/02/20000773400_1.JPG,$3
20000627766,维多利亚的秘密,COTTON LW CHEEKY 内裤 PURPLE S,http://static.lottedfs.cn/prod/prd-img/99/33/77/00/00/02/20000773399_1.JPG,$3
20000627764,维多利亚的秘密,COTTON LW CHEEKY 内裤 PURPLE XS,http://static.lottedfs.cn/prod/prd-img/96/33/77/00/00/02/20000773396_1.JPG,$3
20000627761,维多利亚的秘密,COTTON BIKINI 内裤 PURPLE S,http://static.lottedfs.cn/prod/prd-img/91/33/77/00/00/02/20000773391_1.JPG,$3
20000627759,维多利亚的秘密,LACIE THONG 内裤 BLACK M,http://static.lottedfs.cn/prod/prd-img/89/33/77/00/00/02/20000773389_1.JPG,$3
20000627758,维多利亚的秘密,LACIE THONG 内裤 BLACK S,http://static.lottedfs.cn/prod/prd-img/88/33/77/00/00/02/20000773388_1.JPG,$3
20000627756,维多利亚的秘密,LACIE THONG 内裤 BLACK XS,http://static.lottedfs.cn/prod/prd-img/86/33/77/00/00/02/20000773386_1.JPG,$3
20000627755,维多利亚的秘密,FW COTTON LW CHEEKY MEDIUM 内裤 GREY M,http://static.lottedfs.cn/prod/prd-img/85/33/77/00/00/02/20000773385_1.JPG,$3
20000627753,维多利亚的秘密,FW COTTON LW CHEEKY MEDIUM 内裤 GREY S,http://static.lottedfs.cn/prod/prd-img/83/33/77/00/00/02/20000773383_1.JPG,$3
20000627752,维多利亚的秘密,FW COTTON LW CHEEKY MEDIUM 内裤 GREY XS,http://static.lottedfs.cn/prod/prd-img/82/33/77/00/00/02/20000773382_1.JPG,$3
20000627751,维多利亚的秘密,FW COTTON LW CHEEKY 内裤 BLACK XS,http://static.lottedfs.cn/prod/prd-img/81/33/77/00/00/02/20000773381_1.JPG,$3
20000627749,维多利亚的秘密,FW COTTON LW CHEEKY 内裤 BLACK S,http://static.lottedfs.cn/prod/prd-img/76/33/77/00/00/02/20000773376_1.JPG,$3
20000599217,维多利亚的秘密,COTTON BIKINI 内裤 RED S,http://static.lottedfs.cn/prod/prd-img/81/37/72/00/00/02/20000723781_1.JPG,$3
20000597736,维多利亚的秘密,PJ SET STRIPE 睡衣 S,http://static.lottedfs.cn/prod/prd-img/39/06/72/00/00/02/20000720639_1.JPG,$65.7
20000595902,维多利亚的秘密,FALL SLIP 睡衣 BLACK S,http://static.lottedfs.cn/prod/prd-img/83/67/71/00/00/02/20000716783_1.JPG,$15
20000595900,维多利亚的秘密,FALL SLIP 睡衣 BLACK XS,http://static.lottedfs.cn/prod/prd-img/81/67/71/00/00/02/20000716781_1.JPG,$15
20000595899,维多利亚的秘密,FALL SLIP 睡衣 PINK M,http://static.lottedfs.cn/prod/prd-img/80/67/71/00/00/02/20000716780_1.JPG,$15
20000595897,维多利亚的秘密,FALL SLIP 睡衣 PINK XS,http://static.lottedfs.cn/prod/prd-img/78/67/71/00/00/02/20000716778_1.JPG,$15
20000573104,维多利亚的秘密,FALL SLIP 睡衣 PINK S,http://static.lottedfs.cn/prod/prd-img/57/98/67/00/00/02/20000679857_1.JPG,$15
20000573078,维多利亚的秘密,PJ SET STRIPE NARROW 睡衣 L,http://static.lottedfs.cn/prod/prd-img/95/97/67/00/00/02/20000679795_1.JPG,$81
20000566386,维多利亚的秘密,EVERYDAY RAW CUT HIPHUGGER 内裤 BLACK M,http://static.lottedfs.cn/prod/prd-img/11/71/25/00/00/02/20000257111_1.JPG,$3
20000539788,维多利亚的秘密,SEAMLESS BIKINI PINK 内裤 S,http://static.lottedfs.cn/prod/prd-img/13/68/62/00/00/02/20000626813_6.JPG,$3
20000539786,维多利亚的秘密,SEAMLESS BIKINI PINK 内裤 M,http://static.lottedfs.cn/prod/prd-img/11/68/62/00/00/02/20000626811_1.JPG,$3
20000539759,维多利亚的秘密,NOVELTY CHEEKY RED 内裤 M,http://static.lottedfs.cn/prod/prd-img/45/67/62/00/00/02/20000626745_6.JPG,$4
20000539756,维多利亚的秘密,NOVELTY CHEEKY RED 内裤 M,http://static.lottedfs.cn/prod/prd-img/35/67/62/00/00/02/20000626735_6.JPG,$4
20000539717,维多利亚的秘密,NOVELTY CHEEKY PC BLACK 内裤 S,http://static.lottedfs.cn/prod/prd-img/31/66/62/00/00/02/20000626631_6.JPG,$4
20000539713,维多利亚的秘密,NOVELTY CHEEKY BLUE 内裤 S,http://static.lottedfs.cn/prod/prd-img/27/66/62/00/00/02/20000626627_6.JPG,$4
20000539704,维多利亚的秘密,NOVELTY CHEEKY BLACK 内裤 S,http://static.lottedfs.cn/prod/prd-img/02/66/62/00/00/02/20000626602_6.JPG,$4
20000539698,维多利亚的秘密,NOVELTY CHEEKY BLACK 内裤 M,http://static.lottedfs.cn/prod/prd-img/86/65/62/00/00/02/20000626586_6.JPG,$4
20000539688,维多利亚的秘密,NOVELTY CHEEKY BLACK 内裤 S,http://static.lottedfs.cn/prod/prd-img/68/65/62/00/00/02/20000626568_1.JPG,$4
20000539682,维多利亚的秘密,NOVELTY CHEEKY BLACK 内裤 M,http://static.lottedfs.cn/prod/prd-img/55/65/62/00/00/02/20000626555_1.JPG,$4
20000539676,维多利亚的秘密,NOVELTY CHEEKY RED 内裤 S,http://static.lottedfs.cn/prod/prd-img/31/65/62/00/00/02/20000626531_1.JPG,$4
20000539673,维多利亚的秘密,NOVELTY CHEEKY BLUE 内裤 S,http://static.lottedfs.cn/prod/prd-img/25/65/62/00/00/02/20000626525_1.JPG,$4
20000539672,维多利亚的秘密,LACIE THONG GREEN 内裤 S,http://static.lottedfs.cn/prod/prd-img/24/65/62/00/00/02/20000626524_1.JPG,$10.8
20000539670,维多利亚的秘密,LACIE THONG IVORY/OFF WHITE 内裤 S,http://static.lottedfs.cn/prod/prd-img/22/65/62/00/00/02/20000626522_1.JPG,$10.8
20000539667,维多利亚的秘密,SEAMLESS HIPHUGGER 女士内裤 GREEN XS,http://static.lottedfs.cn/prod/prd-img/15/65/62/00/00/02/20000626515_1.JPG,$3
20000539620,维多利亚的秘密,NOVELTY CHEEKY IVORY/OFF WHITE M 内裤,http://static.lottedfs.cn/prod/prd-img/48/64/62/00/00/02/20000626448_5.JPG,$4
20000539585,维多利亚的秘密,SEAMLESS HIPHUGGER GREY 女士内裤 S,http://static.lottedfs.cn/prod/prd-img/76/63/62/00/00/02/20000626376_1.JPG,$3
20000539580,维多利亚的秘密,NOVELTY CHEEKY BLACK 女士内裤 M,http://static.lottedfs.cn/prod/prd-img/71/63/62/00/00/02/20000626371_1.JPG,$14.4
20000539567,维多利亚的秘密,COTTON BIKINI MEDIUM GREY 女士内裤 S,http://static.lottedfs.cn/prod/prd-img/30/63/62/00/00/02/20000626330_1.JPG,$3
20000539549,维多利亚的秘密,COTTON BIKINI BLACK 女士内裤 M,http://static.lottedfs.cn/prod/prd-img/87/62/62/00/00/02/20000626287_6.JPG,$3
20000510404,维多利亚的秘密,COTTON SHORTIE CONVERSATIONAL 内裤 S,http://static.lottedfs.cn/prod/prd-img/37/99/57/00/00/02/20000579937_1.JPG,$14.4
20000510346,维多利亚的秘密,COTTON HIPHUGGER PURPLE 内裤 M,http://static.lottedfs.cn/prod/prd-img/43/98/57/00/00/02/20000579843_1.JPG,$3
20000510344,维多利亚的秘密,COTTON HIPHUGGER PURPLE 内裤 S,http://static.lottedfs.cn/prod/prd-img/41/98/57/00/00/02/20000579841_1.JPG,$3
20000510135,维多利亚的秘密,NOVELTY CHEEKY 女士内裤 RED XS,http://static.lottedfs.cn/prod/prd-img/77/95/57/00/00/02/20000579577_1.JPG,$4
20000510112,维多利亚的秘密,KIMONO 睡衣 STRIPE NARROW XS/S,http://static.lottedfs.cn/prod/prd-img/52/95/57/00/00/02/20000579552_1.JPG,$64.8
20000510108,维多利亚的秘密,COTTON HIPHUGGER PURPLE 内裤 XS,http://static.lottedfs.cn/prod/prd-img/48/95/57/00/00/02/20000579548_1.JPG,$3
20000510105,维多利亚的秘密,COTTON BIKINI 女士内裤 PURPLE M,http://static.lottedfs.cn/prod/prd-img/41/95/57/00/00/02/20000579541_1.JPG,$3
20000510092,维多利亚的秘密,OVELTY CHEEKY 女士内裤 BLUE XS,http://static.lottedfs.cn/prod/prd-img/18/95/57/00/00/02/20000579518_1.JPG,$14.4
20000510019,维多利亚的秘密,SEAMLESS HIPHUGGER 女士内裤 PURPLE M,http://static.lottedfs.cn/prod/prd-img/31/94/57/00/00/02/20000579431_1.JPG,$3
20000510016,维多利亚的秘密,SEAMLESS HIPHUGGER 女士内裤 PURPLE S,http://static.lottedfs.cn/prod/prd-img/24/94/57/00/00/02/20000579424_1.JPG,$3
20000509141,维多利亚的秘密,COTTON BIKINI 女士内裤 BLUE S,http://static.lottedfs.cn/prod/prd-img/52/80/57/00/00/02/20000578052_1.JPG,$10.8
20000509095,维多利亚的秘密,COTTON HIPHUGGER MEDIUM 女士内裤 GREY M,http://static.lottedfs.cn/prod/prd-img/03/80/57/00/00/02/20000578003_1.JPG,$3
20000509092,维多利亚的秘密,COTTON HIPHUGGER 女士内裤 MEDIUM GREY S,http://static.lottedfs.cn/prod/prd-img/00/80/57/00/00/02/20000578000_1.JPG,$3
20000509088,维多利亚的秘密,COTTON HIPHUGGER 女士内裤  MEDIUM GREY XS,http://static.lottedfs.cn/prod/prd-img/96/79/57/00/00/02/20000577996_1.JPG,$3
20000509080,维多利亚的秘密,PJ SET 睡衣 STRIPE NARROW M,http://static.lottedfs.cn/prod/prd-img/88/79/57/00/00/02/20000577988_1.JPG,$81
20000469705,维多利亚的秘密,VICTORIA S SECRET NOVELTY CHEEKY 内裤 PINK XS,http://static.lottedfs.cn/prod/prd-img/71/57/51/00/00/02/20000515771_1.JPG,$14.4
20000469634,维多利亚的秘密,VICTORIA S SECRET SEAMLESS HIPHUGGER 女士内裤 BLACK S,http://static.lottedfs.cn/prod/prd-img/54/56/51/00/00/02/20000515654_1.JPG,$3
20000469627,维多利亚的秘密,VICTORIA S SECRET SEAMLESS HIPHUGGER 女士内裤 BLACK XS,http://static.lottedfs.cn/prod/prd-img/40/56/51/00/00/02/20000515640_1.JPG,$3
20000469558,维多利亚的秘密,VICTORIA S SECRET SEAMLESS BIKINI 女士内裤 BLACK M,http://static.lottedfs.cn/prod/prd-img/54/55/51/00/00/02/20000515554_1.JPG,$3
20000469553,维多利亚的秘密,VICTORIA S SECRET SEAMLESS BIKINI 女士内裤 BLACK XS,http://static.lottedfs.cn/prod/prd-img/49/55/51/00/00/02/20000515549_1.JPG,$3
20000450499,维多利亚的秘密,EVERYDAY RAW CUT HIPHUGGER PURPLE 女士内裤 XS,http://static.lottedfs.cn/prod/prd-img/40/95/48/00/00/02/20000489540_1.JPG,$10.8
20000378296,维多利亚的秘密,PJ SET STRIPE 睡衣套装 M,http://static.lottedfs.cn/prod/prd-img/93/09/39/00/00/02/20000390993_1.JPG,$81
20000378295,维多利亚的秘密,PJ SET STRIPE 睡衣套装 S,http://static.lottedfs.cn/prod/prd-img/92/09/39/00/00/02/20000390992_1.JPG,$81
20000248498,维多利亚的秘密,RAW CUT HIPHUGGER BLACK S 女士内裤,http://static.lottedfs.cn/prod/prd-img/10/71/25/00/00/02/20000257110_1.JPG,$3
20000248497,维多利亚的秘密,EVERYDAY RAW CUT HIPHUGGER BLACK XS  女士内裤,http://static.lottedfs.cn/prod/prd-img/09/71/25/00/00/02/20000257109_1.JPG,$3
20000628370,维多利亚的秘密,NOVELTY CHEEKY 女士内裤 BLUE S,http://static.lottedfs.cn/prod/prd-img/53/43/77/00/00/02/20000774353_1.JPG,$4
20000627850,维多利亚的秘密,NOVELTY CHEEKY 内裤 PINK S,http://static.lottedfs.cn/prod/prd-img/08/35/77/00/00/02/20000773508_1.JPG,$4
20000510101,维多利亚的秘密,COTTON BIKINI 女士内裤 PURPLE S,http://static.lottedfs.cn/prod/prd-img/37/95/57/00/00/02/20000579537_1.JPG,$3
20000510094,维多利亚的秘密,COTTON BIKINI 女士内裤 PURPLE XS,http://static.lottedfs.cn/prod/prd-img/25/95/57/00/00/02/20000579525_1.JPG,$3
20000509125,维多利亚的秘密,SEAMLESS HIPHUGGER 女士内裤 PURPLE XS,http://static.lottedfs.cn/prod/prd-img/33/80/57/00/00/02/20000578033_1.JPG,$3
20000469555,维多利亚的秘密,VICTORIA S SECRET SEAMLESS BIKINI 女士内裤 BLACK S,http://static.lottedfs.cn/prod/prd-img/51/55/51/00/00/02/20000515551_1.JPG,$3
20000539574,维多利亚的秘密,NOVELTY CHEEKY BLACK 女士内裤 S,http://static.lottedfs.cn/prod/prd-img/40/63/62/00/00/02/20000626340_1.JPG,$14.4
